DROP DATABASE IF EXISTS cascadia_climate_action;
CREATE DATABASE cascadia_climate_action;
USE cascadia_climate_action;

CREATE TABLE address (
	address_id INT PRIMARY KEY AUTO_INCREMENT,
    building_name VARCHAR(100),
    street_address VARCHAR(100) NOT NULL,
    city VARCHAR(100) NOT NULL,
    state VARCHAR(100) NOT NULL,
    zip VARCHAR(12) NOT NULL
);

/*Insert test data into the address table*/

INSERT INTO `address` (`address_id`,`building_name`,`street_address`,`city`,`state`,`zip`) VALUES (1,"cursus et,","fermentum risus, at fringilla purus mauris a","Keith","congue","60111"),(2,"luctus aliquet odio.","mi fringilla mi lacinia mattis. Integer eu","RosiŽres","ipsum.","21805"),(3,"ut lacus.","sagittis placerat. Cras","Zelzate","ipsum","60177"),(4,"nisi magna sed","lacus. Quisque imperdiet, erat nonummy","Airdrie","nec","215626"),(5,"mi","egestas blandit. Nam nulla","Bridgeport","ut,","2770"),(6,"nec ante blandit","enim mi","San Martino in Badia/St. Martin in Thurn","molestie","5752"),(7,"semper,","arcu ac","Limelette","lobortis","6347"),(8,"fringilla, porttitor vulputate,","mi enim, condimentum eget, volutpat ornare,","Canmore","sit","588325"),(9,"sed","sed turpis nec","Ekeren","adipiscing","N9 2XI"),(10,"blandit at, nisi.","Nam nulla magna, malesuada vel, convallis in, cursus","Pointe-aux-Trembles","aliquet","88372");
INSERT INTO `address` (`address_id`,`building_name`,`street_address`,`city`,`state`,`zip`) VALUES (11,"neque.","commodo auctor velit. Aliquam nisl. Nulla eu neque pellentesque","Grosseto","tristique","I53 9SJ"),(12,"auctor, nunc","in magna. Phasellus dolor elit, pellentesque","Reutlingen","velit.","J4A 2N1"),(13,"sem","Suspendisse ac metus vitae","Vieste","enim","R0P 9Z7"),(14,"dis","dui. Suspendisse ac metus vitae velit egestas lacinia. Sed congue,","Castelvetere in Val Fortore","imperdiet","6547"),(15,"dui augue","purus ac tellus. Suspendisse sed dolor. Fusce mi lorem,","Ankara","Nunc","70-908"),(16,"sed","nisl sem,","Angleur","Morbi","2146"),(17,"Donec","interdum ligula","Baden","lectus","264860"),(18,"Nunc pulvinar","ridiculus mus. Aenean eget magna. Suspendisse tristique","Villa Alemana","molestie","513397"),(19,"vel, faucibus id,","auctor. Mauris vel turpis.","Guarapuava","ligula","00761-458"),(20,"feugiat","odio a","Coleville Lake","consequat","51707");
INSERT INTO `address` (`address_id`,`building_name`,`street_address`,`city`,`state`,`zip`) VALUES (21,"eu nibh","sagittis lobortis mauris.","Ponte San Nicolò","volutpat.","5984BM"),(22,"Pellentesque ut","Cras dolor dolor, tempus non, lacinia at, iaculis","Cerrillos","fringilla.","130929"),(23,"interdum libero","at, egestas a, scelerisque sed, sapien. Nunc","Asnières-sur-Seine","tristique","38608"),(24,"accumsan laoreet ipsum.","auctor ullamcorper,","Banchory","metus","51991"),(25,"sem.","nisi magna sed dui. Fusce aliquam, enim","Leverkusen","feugiat","95423"),(26,"dignissim. Maecenas","adipiscing","Durham","Curabitur","02048"),(27,"at lacus. Quisque","sem ut cursus luctus, ipsum","Ingooigem","habitant","75770"),(28,"nec, malesuada","morbi tristique senectus et netus et malesuada fames ac turpis","Funtua","nec,","30808"),(29,"consequat","arcu. Vestibulum","Hengelo","tempor,","DS18 4UR"),(30,"hendrerit","mattis semper, dui lectus rutrum","Santa Maria","vel","34461");
INSERT INTO `address` (`address_id`,`building_name`,`street_address`,`city`,`state`,`zip`) VALUES (31,"nec, diam.","purus. Nullam scelerisque","Joué-lès-Tours","elit","67327"),(32,"rhoncus id, mollis","eros nec","Steenokkerzeel","ornare","N1P 2K9"),(33,"adipiscing ligula. Aenean","condimentum eget, volutpat ornare, facilisis","Macduff","aliquet,","C1G 6Z5"),(34,"ipsum. Curabitur consequat,","dignissim pharetra. Nam","Wimmertingen","Vivamus","3854"),(35,"felis eget","nunc, ullamcorper eu, euismod ac, fermentum vel, mauris. Integer","Cassano Spinola","semper","C2H 5K2"),(36,"in,","tempus, lorem fringilla ornare placerat,","Stargard Szczeciński","eget","23641"),(37,"vel pede","neque. Sed eget lacus. Mauris non","Mont-Sainte-Genevive","Suspendisse","40018"),(38,"id, ante. Nunc","mauris blandit mattis. Cras","Termeno sulla strada del vino/Tramin an der Weinstrasse","et,","61882"),(39,"eleifend nec,","posuere vulputate,","San Carlos","Mauris","21110"),(40,"auctor vitae, aliquet","Curabitur sed tortor. Integer aliquam","Bothey","orci","6888PV");
INSERT INTO `address` (`address_id`,`building_name`,`street_address`,`city`,`state`,`zip`) VALUES (41,"pellentesque","nonummy ipsum non","Edam","arcu","44062"),(42,"vitae, erat.","adipiscing lacus. Ut nec","Stony Plain","Vivamus","703890"),(43,"sem","sagittis semper. Nam tempor diam","Colchester","Mauris","10373"),(44,"auctor","dictum magna. Ut tincidunt orci quis lectus.","Boncelles","sit","9734QC"),(45,"rhoncus id, mollis","Proin ultrices. Duis volutpat nunc sit amet","Filey","risus","60806"),(46,"Cras dictum ultricies","ornare egestas ligula. Nullam feugiat placerat velit. Quisque","Gonars","Lorem","1394"),(47,"Sed nulla ante,","Cum sociis natoque penatibus et magnis dis parturient montes,","Crowsnest Pass","nulla.","97139"),(48,"eu dolor","vestibulum. Mauris magna. Duis dignissim tempor arcu. Vestibulum","Harderwijk","malesuada.","50414"),(49,"gravida","congue turpis. In condimentum. Donec at arcu.","Jauche","nunc","01849"),(50,"metus eu","et magnis dis parturient montes, nascetur ridiculus mus.","Moorsele","neque.","7714");
INSERT INTO `address` (`address_id`,`building_name`,`street_address`,`city`,`state`,`zip`) VALUES (51,"lacus. Nulla tincidunt,","euismod ac, fermentum vel,","Cannalonga","Suspendisse","EL1S 9OY"),(52,"lacinia","gravida non, sollicitudin a, malesuada id, erat.","Konya","montes,","20019"),(53,"lorem fringilla","Donec est mauris, rhoncus id, mollis nec, cursus","Ligosullo","ultricies","3415"),(54,"Suspendisse","amet, consectetuer adipiscing elit. Etiam laoreet, libero et tristique","Oostende","accumsan","68885"),(55,"risus. In mi","vitae nibh. Donec","Tezze sul Brenta","dolor.","7076"),(56,"magna. Cras","ac urna. Ut tincidunt vehicula risus. Nulla eget metus eu","Harrison Hot Springs","nec","830655"),(57,"et malesuada","rutrum","Rockville","ac","61059"),(58,"nulla. Donec non","elit, pretium","Devon","ac","60476"),(59,"sagittis","egestas nunc sed libero.","Malkajgiri","justo.","35-389"),(60,"cursus","Donec non justo. Proin non massa","Goes","quis","904796");
INSERT INTO `address` (`address_id`,`building_name`,`street_address`,`city`,`state`,`zip`) VALUES (61,"lectus","auctor non, feugiat nec,","Cambridge","nunc","51346"),(62,"Morbi metus.","egestas hendrerit neque. In ornare sagittis felis.","Rouyn-Noranda","convallis,","N4B 8N3"),(63,"accumsan neque","lectus pede et risus.","Eindhoven","eget","85982"),(64,"volutpat. Nulla","Morbi vehicula. Pellentesque","Lienz","Morbi","B6R 9J7"),(65,"vestibulum lorem,","Morbi vehicula. Pellentesque tincidunt tempus risus. Donec","Ottignies","elit","785686"),(66,"nec","semper pretium neque. Morbi quis urna.","Huizingen","Phasellus","46153"),(67,"orci luctus","nulla. Integer vulputate, risus a ultricies adipiscing, enim mi tempor","Hanau","Mauris","77473"),(68,"Pellentesque habitant","Duis elementum, dui quis","Delta","diam","8540"),(69,"elementum, dui","tincidunt dui","Lanark County","dui","63-012"),(70,"Sed","Fusce fermentum fermentum","Whitchurch-Stouffville","est,","612977");
INSERT INTO `address` (`address_id`,`building_name`,`street_address`,`city`,`state`,`zip`) VALUES (71,"ac mi eleifend","ornare tortor at risus. Nunc ac","Buizingen","purus.","320942"),(72,"quam vel sapien","Pellentesque habitant morbi tristique","Stockerau","Sed","50426"),(73,"neque non","urna et arcu imperdiet","Bonnyville","ipsum","71207"),(74,"vulputate, posuere vulputate,","sagittis. Duis gravida. Praesent eu nulla at sem molestie sodales.","Rae-Edzo","pede.","10277"),(75,"enim. Nunc ut","Nulla","Boechout","magnis","293612"),(76,"Fusce dolor quam,","in, hendrerit","Cisterna di Latina","dis","86812"),(77,"rutrum","interdum. Nunc sollicitudin commodo ipsum. Suspendisse non","Elmshorn","ac,","P2M 1V7"),(78,"ante. Nunc mauris","tristique neque venenatis lacus. Etiam","Pichilemu","eu","92462"),(79,"Proin eget odio.","nulla. Cras","Milwaukee","massa.","90279"),(80,"erat,","vestibulum nec, euismod in, dolor. Fusce","Ajax","ac,","1904EW");
INSERT INTO `address` (`address_id`,`building_name`,`street_address`,`city`,`state`,`zip`) VALUES (81,"venenatis vel, faucibus","lobortis mauris. Suspendisse","Tulita","Nunc","88659"),(82,"Vivamus non","suscipit, est ac facilisis facilisis, magna tellus faucibus leo, in","Lexington","urna","28-330"),(83,"ad litora torquent","justo","Pordenone","luctus.","324697"),(84,"non","montes,","Mazzano Romano","urna.","577967"),(85,"commodo hendrerit. Donec","auctor, velit eget","Machelen","malesuada.","4406"),(86,"quis accumsan","velit. Quisque varius. Nam porttitor scelerisque neque. Nullam nisl.","Venlo","dolor.","673491"),(87,"dictum eu,","a mi fringilla mi lacinia mattis.","Providencia","ante","41416"),(88,"nec ante","non,","Santa Caterina Villarmosa","Pellentesque","51809"),(89,"Curabitur dictum.","Integer id magna et ipsum cursus","Calbuco","Donec","25941"),(90,"sed","turpis egestas. Fusce aliquet magna a neque.","Ahrensburg","cursus","241369");
INSERT INTO `address` (`address_id`,`building_name`,`street_address`,`city`,`state`,`zip`) VALUES (91,"ullamcorper magna. Sed","nisi dictum augue malesuada malesuada. Integer id","Rigolet","Maecenas","2780"),(92,"magna,","ultrices posuere cubilia Curae; Phasellus","Coatbridge","Curabitur","8124"),(93,"iaculis quis,","sit amet lorem semper auctor. Mauris vel turpis.","Liernu","libero.","10816"),(94,"tempus mauris erat","Aenean massa. Integer vitae nibh. Donec est mauris, rhoncus","Ergani","sapien.","12755"),(95,"metus facilisis lorem","eu, odio. Phasellus at augue id ante dictum cursus. Nunc","Lint","felis","287826"),(96,"nibh dolor,","ut mi. Duis risus odio, auctor","Houffalize","a,","9079"),(97,"penatibus et","Quisque imperdiet, erat nonummy ultricies ornare, elit elit fermentum risus,","Duncan","Morbi","469495"),(98,"ac facilisis","eget ipsum. Suspendisse sagittis. Nullam vitae diam. Proin dolor.","Froidchapelle","arcu.","08079"),(99,"odio","at augue","Rivière-du-Loup","aliquet.","97233"),(100,"auctor","euismod","GrivegnŽe","Curabitur","6775");


CREATE TABLE organization (
	org_id INT PRIMARY KEY AUTO_INCREMENT,
    org_name VARCHAR(100) NOT NULL,
    org_website VARCHAR(150) NOT NULL,
    org_address_id INT NOT NULL,
    CONSTRAINT org_fk_address_id
		FOREIGN KEY (org_address_id)
        REFERENCES address(address_id)
);

/*insert into organization*/
INSERT INTO `organization` (`org_id`,`org_name`,`org_website`,`org_address_id`) VALUES (1,"Dignissim Magna Limited","(185) 242-6023",60),(2,"Erat Volutpat Nulla Consulting","(899) 844-6746",27),(3,"Mi Tempor Ltd","(790) 264-0095",68),(4,"Montes Nascetur Ridiculus Limited","(757) 942-3201",4),(5,"Massa Rutrum Magna Inc.","(202) 866-1918",33),(6,"Auctor Ullamcorper Nisl LLC","(967) 659-9187",20),(7,"A Associates","(983) 964-4523",33),(8,"Ornare Inc.","(368) 459-9420",5),(9,"Tincidunt Aliquam Arcu Corporation","(929) 779-9862",76),(10,"Accumsan Sed Consulting","(747) 253-5146",60);
INSERT INTO `organization` (`org_id`,`org_name`,`org_website`,`org_address_id`) VALUES (11,"Adipiscing Lobortis Risus LLP","(504) 928-9038",1),(12,"Aenean Egestas Hendrerit Corp.","(642) 794-4842",53),(13,"Cras Vehicula Aliquet Associates","(852) 160-9536",49),(14,"Ornare Company","(553) 987-2931",66),(15,"Orci Industries","(248) 995-1217",68),(16,"Nunc Mauris Elit Limited","(191) 775-3622",7),(17,"Velit Inc.","(804) 134-1249",21),(18,"Vitae Sodales At Industries","(500) 470-6185",44),(19,"Urna LLC","(969) 701-6401",60),(20,"Ipsum PC","(405) 176-8921",93);
INSERT INTO `organization` (`org_id`,`org_name`,`org_website`,`org_address_id`) VALUES (21,"Justo Praesent Institute","(346) 750-8113",24),(22,"Sagittis Institute","(326) 762-1997",6),(23,"Pharetra Ut Pharetra Limited","(135) 105-7570",21),(24,"Mus Incorporated","(807) 574-2855",17),(25,"Malesuada Integer Corp.","(137) 261-9038",59),(26,"Sagittis Corp.","(738) 981-6391",16),(27,"Integer Limited","(817) 995-5345",41),(28,"Tempor Company","(948) 889-6487",93),(29,"Accumsan Laoreet Company","(416) 481-5005",7),(30,"Curabitur Industries","(299) 406-4687",49);
INSERT INTO `organization` (`org_id`,`org_name`,`org_website`,`org_address_id`) VALUES (31,"Nibh Associates","(847) 800-0036",73),(32,"Lectus Cum Sociis Consulting","(891) 880-3715",20),(33,"A Institute","(908) 489-8277",17),(34,"Erat Vivamus Consulting","(140) 625-1637",35),(35,"Tempus Limited","(346) 131-4393",7),(36,"Dictum Associates","(746) 548-7876",58),(37,"Eget Volutpat Ornare Associates","(734) 655-4107",10),(38,"Nulla Eget Corporation","(198) 744-0228",10),(39,"Tortor Industries","(599) 229-0418",15),(40,"Dolor Vitae LLC","(434) 244-3926",13);
INSERT INTO `organization` (`org_id`,`org_name`,`org_website`,`org_address_id`) VALUES (41,"Aenean Eget Metus Institute","(814) 762-3878",93),(42,"Tincidunt Nibh Ltd","(714) 282-4127",10),(43,"Dis Incorporated","(891) 526-3764",33),(44,"Ridiculus Industries","(861) 622-7934",29),(45,"Non Massa Consulting","(410) 388-3821",72),(46,"Nullam Enim Ltd","(339) 779-8500",95),(47,"Sed Tortor Inc.","(380) 871-5958",3),(48,"Magna Consulting","(697) 989-8759",61),(49,"Accumsan Industries","(550) 802-5030",49),(50,"Penatibus Et Magnis Foundation","(671) 603-2232",52);
INSERT INTO `organization` (`org_id`,`org_name`,`org_website`,`org_address_id`) VALUES (51,"Mi Duis Risus Incorporated","(634) 323-8290",4),(52,"Adipiscing Lobortis Risus LLP","(291) 929-1983",48),(53,"Ac Libero Company","(518) 548-9743",98),(54,"Sapien Incorporated","(517) 201-5149",36),(55,"Fusce Feugiat Lorem Company","(280) 507-0623",1),(56,"Cras Eu Associates","(429) 564-6150",96),(57,"Erat Vivamus Limited","(232) 125-5228",96),(58,"Nunc Est Foundation","(910) 713-7066",55),(59,"Ullamcorper Eu Associates","(334) 948-6864",83),(60,"Ipsum Suspendisse Sagittis Institute","(105) 262-0008",45);
INSERT INTO `organization` (`org_id`,`org_name`,`org_website`,`org_address_id`) VALUES (61,"Ante Lectus PC","(477) 164-6436",69),(62,"Gravida Aliquam Tincidunt PC","(735) 485-3351",95),(63,"In Associates","(784) 979-4313",33),(64,"Curabitur Dictum Inc.","(271) 619-3988",21),(65,"Tristique Pharetra Quisque Ltd","(970) 133-8097",50),(66,"Eu Eleifend Inc.","(715) 559-1593",91),(67,"Tristique Pharetra Quisque LLC","(366) 423-8693",66),(68,"Ut Ipsum Limited","(903) 713-2853",14),(69,"Bibendum Sed Industries","(560) 421-6394",77),(70,"Elit Aliquam Industries","(681) 555-0986",80);
INSERT INTO `organization` (`org_id`,`org_name`,`org_website`,`org_address_id`) VALUES (71,"Mauris Vel Turpis Incorporated","(212) 978-2681",85),(72,"Per Conubia LLP","(295) 394-0415",58),(73,"Nunc Associates","(876) 668-4934",78),(74,"Est Mauris Foundation","(135) 327-2575",55),(75,"Nec Urna Suscipit Inc.","(511) 827-7108",36),(76,"Donec Limited","(445) 614-2413",15),(77,"Sociis Natoque Company","(888) 490-0942",96),(78,"Nec Euismod Incorporated","(485) 804-7651",28),(79,"Tortor Integer Foundation","(987) 676-0734",24),(80,"Integer Vitae Nibh Corporation","(441) 295-4839",77);
INSERT INTO `organization` (`org_id`,`org_name`,`org_website`,`org_address_id`) VALUES (81,"Vitae Corporation","(497) 131-8119",61),(82,"Ipsum Non Arcu PC","(243) 467-8567",80),(83,"Aliquet Limited","(832) 523-4382",89),(84,"Vel Corp.","(487) 924-5775",4),(85,"Dui Suspendisse Consulting","(233) 353-0143",11),(86,"Nulla Integer Urna Incorporated","(717) 759-7957",94),(87,"Felis Eget Varius Ltd","(943) 635-1132",46),(88,"Odio Phasellus At Corporation","(931) 111-2607",24),(89,"Mi Company","(246) 782-3016",98),(90,"Quisque Corp.","(556) 664-8851",60);
INSERT INTO `organization` (`org_id`,`org_name`,`org_website`,`org_address_id`) VALUES (91,"Id Libero Donec LLP","(433) 743-0594",79),(92,"Tincidunt Donec Vitae Associates","(397) 434-7943",76),(93,"Aliquet Vel Industries","(655) 288-2878",17),(94,"Pellentesque Sed Dictum Inc.","(397) 624-6532",16),(95,"Condimentum Eget Inc.","(520) 752-9930",35),(96,"Sapien Molestie Institute","(288) 402-8748",83),(97,"Donec Porttitor Corporation","(810) 628-2065",97),(98,"Velit Egestas Lacinia LLC","(333) 816-6066",65),(99,"Eu Limited","(308) 990-0384",98),(100,"Nunc Laoreet Associates","(926) 401-1719",53);


CREATE TABLE contact (
	contact_id	INT PRIMARY KEY AUTO_INCREMENT,
    first_name	VARCHAR(50) NOT NULL,
    last_name VARCHAR(150) NOT NULL,
    email VARCHAR(50) NOT NULL,
    phone VARCHAR(15) NOT NULL,
    org_id INT NOT NULL,
    CONSTRAINT contact_fk_org_id
		FOREIGN KEY (org_id)
        REFERENCES organization(org_id)
);

/*Insert test data into the contact table*/

INSERT INTO `contact` (`contact_id`,`first_name`,`last_name`,`email`,`phone`,`org_id`) VALUES (1,"Kareem","Castillo","cursus.vestibulum.Mauris@risus.org","1-481-219-6049",83),(2,"Nicholas","Farmer","lectus.convallis@NullaaliquetProin.ca","1-692-752-9445",73),(3,"Anastasia","Cochran","arcu.Sed.et@aptenttacitisociosqu.ca","1-146-489-0698",45),(4,"Deborah","Matthews","placerat@mollisIntegertincidunt.com","1-343-529-4737",56),(5,"Unity","Hayes","Nam.nulla@ornare.ca","1-540-754-6893",79),(6,"Demetrius","Dyer","pharetra.Nam@dolordolortempus.net","1-166-784-5137",77),(7,"Phyllis","Heath","bibendum.sed@Maecenas.co.uk","1-434-228-2888",10),(8,"Mufutau","Sandoval","sed@justo.org","1-229-647-1382",96),(9,"Kathleen","Horton","at@eu.com","1-120-399-2151",86),(10,"Christine","Mason","blandit.Nam.nulla@elitEtiamlaoreet.org","1-246-504-4825",52);
INSERT INTO `contact` (`contact_id`,`first_name`,`last_name`,`email`,`phone`,`org_id`) VALUES (11,"Chaim","Bradshaw","molestie@necquam.net","1-272-561-4881",83),(12,"Hayes","Bullock","nec.enim.Nunc@Suspendisse.edu","1-804-980-2027",38),(13,"Serena","Phelps","erat@sitametmetus.edu","1-114-177-2079",39),(14,"Scarlett","Norris","ac.urna@fermentumarcu.net","1-565-111-2967",99),(15,"Stephanie","Farley","ultricies@Sednunc.org","1-513-856-0774",30),(16,"Allistair","Rocha","vestibulum.neque@idliberoDonec.co.uk","1-250-129-3491",33),(17,"Branden","Bishop","nec@Quisqueporttitoreros.org","1-678-125-8516",66),(18,"Ebony","Ashley","quis.turpis@et.com","1-689-335-0691",26),(19,"Benjamin","Valenzuela","Cum.sociis@gravida.org","1-405-716-0267",23),(20,"Colette","Bradley","neque@Phasellus.net","1-421-662-0992",45);
INSERT INTO `contact` (`contact_id`,`first_name`,`last_name`,`email`,`phone`,`org_id`) VALUES (21,"Rae","Pace","quis.accumsan@bibendumsedest.com","1-537-454-4147",10),(22,"Price","Edwards","orci.lacus.vestibulum@netusetmalesuada.edu","1-337-513-0628",5),(23,"Jenna","Wright","at@Integereu.org","1-246-250-5979",89),(24,"Wyoming","Larson","pede.Cum.sociis@sagittisplaceratCras.co.uk","1-998-310-2286",25),(25,"Basia","Tillman","imperdiet.dictum.magna@mollisPhaselluslibero.org","1-884-209-4653",83),(26,"Germane","Conrad","lorem.ut.aliquam@eratvelpede.edu","1-307-233-6294",55),(27,"Luke","Shelton","Nullam.ut@semegestasblandit.co.uk","1-362-215-8818",22),(28,"Lydia","Hodges","Aenean.gravida@odioAliquam.edu","1-740-768-8714",57),(29,"Noelani","Guerra","augue.ac.ipsum@elit.ca","1-519-497-5395",22),(30,"Oliver","Boyd","Ut@semperNamtempor.org","1-355-338-7871",12);
INSERT INTO `contact` (`contact_id`,`first_name`,`last_name`,`email`,`phone`,`org_id`) VALUES (31,"Cheyenne","Humphrey","Donec.tempus@porttitorinterdum.edu","1-623-276-4048",14),(32,"Constance","Dillard","dignissim.Maecenas@dolor.edu","1-735-903-1669",86),(33,"Vanna","Sutton","ultrices@turpisnon.com","1-468-269-0663",29),(34,"Oren","Potts","lacus.Quisque.purus@sedpede.org","1-474-677-2180",79),(35,"Ivy","Valencia","tincidunt.Donec@euodioPhasellus.org","1-528-214-0450",32),(36,"Uriah","Wagner","amet.metus@Cum.com","1-987-634-8981",59),(37,"Leandra","Moody","tortor@nunc.net","1-441-597-1400",28),(38,"Jerry","Klein","neque@tristiquealiquet.ca","1-809-108-0124",90),(39,"Charde","Vincent","non.enim.commodo@nequeIn.edu","1-991-502-2253",53),(40,"Basia","Gay","massa.lobortis@risusNullaeget.net","1-303-215-8056",43);
INSERT INTO `contact` (`contact_id`,`first_name`,`last_name`,`email`,`phone`,`org_id`) VALUES (41,"Drew","Combs","amet.ornare@ametante.co.uk","1-578-152-0385",25),(42,"Louis","Wolf","risus.Quisque@facilisiSedneque.org","1-378-392-6540",72),(43,"Morgan","Simpson","facilisis@insodaleselit.edu","1-783-934-0321",32),(44,"Rinah","Miles","tempus.lorem.fringilla@aarcuSed.net","1-995-710-5651",100),(45,"Timon","Horne","tellus.Nunc.lectus@acmetusvitae.edu","1-881-742-7047",64),(46,"Aurelia","Kennedy","condimentum.Donec.at@imperdietdictum.co.uk","1-359-294-5656",44),(47,"Lara","Lopez","blandit@lectusquis.net","1-951-358-4376",4),(48,"Isaiah","Bowman","vel@scelerisquesedsapien.ca","1-781-607-9103",3),(49,"Alfreda","Hatfield","sagittis@Namligula.edu","1-444-222-1770",82),(50,"Fatima","Hopkins","mollis@elitAliquam.com","1-144-684-9084",30);
INSERT INTO `contact` (`contact_id`,`first_name`,`last_name`,`email`,`phone`,`org_id`) VALUES (51,"Jillian","Coleman","commodo@magnisdisparturient.ca","1-556-377-3466",92),(52,"Jason","Mcdowell","Vestibulum.ante.ipsum@malesuadafames.ca","1-298-721-0132",62),(53,"Raja","Hamilton","non@eueros.com","1-148-993-4539",61),(54,"Brielle","Hayden","dictum@Cumsociisnatoque.org","1-452-677-5869",14),(55,"Kaye","Hopper","erat.volutpat@auctorveliteget.net","1-242-393-9382",26),(56,"Paloma","Glass","Proin.nisl.sem@tinciduntduiaugue.ca","1-454-692-3400",29),(57,"Yael","Cobb","scelerisque.sed.sapien@vestibulum.org","1-891-717-6197",83),(58,"Neve","Stark","felis.ullamcorper.viverra@sit.org","1-940-328-9602",82),(59,"Mark","Peterson","auctor.Mauris@Praesent.co.uk","1-768-621-7956",23),(60,"Piper","May","sit@orcilobortis.ca","1-725-431-2735",13);
INSERT INTO `contact` (`contact_id`,`first_name`,`last_name`,`email`,`phone`,`org_id`) VALUES (61,"Zorita","Chapman","turpis.vitae@vitae.ca","1-480-853-1369",92),(62,"Chancellor","Warren","egestas.blandit@Nuncsollicitudin.edu","1-204-761-3024",77),(63,"Haley","Russo","luctus.aliquet@dolor.edu","1-856-452-6358",55),(64,"Dolan","Levy","non.dapibus.rutrum@fringillamilacinia.net","1-611-459-8281",93),(65,"Ocean","Cervantes","Donec.luctus.aliquet@diamnuncullamcorper.edu","1-690-659-6395",26),(66,"Dillon","Fernandez","fringilla.porttitor@adipiscingfringilla.net","1-606-201-1846",75),(67,"Melinda","Ortiz","eu.tellus@egestas.co.uk","1-807-319-9921",23),(68,"Courtney","Phillips","sem@luctusCurabituregestas.co.uk","1-751-395-2908",37),(69,"Eugenia","Oneil","laoreet@aliquamadipiscinglacus.ca","1-855-483-0496",19),(70,"Samson","Sparks","Sed@nonummyut.co.uk","1-964-548-7678",53);
INSERT INTO `contact` (`contact_id`,`first_name`,`last_name`,`email`,`phone`,`org_id`) VALUES (71,"Mallory","Guerrero","erat.Vivamus@Proinvelarcu.org","1-107-134-7875",64),(72,"Russell","Guthrie","Donec.feugiat@IntegerurnaVivamus.com","1-389-680-8254",18),(73,"Amos","Oneil","amet.diam.eu@dignissimpharetra.net","1-570-685-2205",64),(74,"Liberty","Carver","condimentum@volutpatNulla.org","1-983-967-8194",64),(75,"Lacy","Whitfield","dui.Suspendisse@orci.org","1-260-206-6470",54),(76,"Philip","Le","justo@nibh.org","1-346-217-6551",74),(77,"Maggy","Kent","libero@Integer.org","1-954-260-5684",97),(78,"Jacob","Obrien","Donec@eliteratvitae.co.uk","1-511-977-8896",50),(79,"Ann","Baxter","ullamcorper.magna.Sed@estvitae.ca","1-676-216-6476",75),(80,"Mercedes","Dickerson","non.sapien.molestie@sed.com","1-575-486-2437",49);
INSERT INTO `contact` (`contact_id`,`first_name`,`last_name`,`email`,`phone`,`org_id`) VALUES (81,"Cora","Wilkerson","est.tempor.bibendum@erosturpisnon.org","1-436-408-1385",20),(82,"Simone","Patton","gravida@eteuismod.net","1-695-405-7695",86),(83,"Lana","Hatfield","Aliquam.gravida@Donec.co.uk","1-581-354-0887",53),(84,"Faith","Barry","tincidunt@nibh.ca","1-274-848-6400",7),(85,"Edward","Rojas","sem.egestas.blandit@semperetlacinia.co.uk","1-117-779-5573",81),(86,"Rhona","Foreman","Nam.ac@duiSuspendisseac.net","1-350-564-0362",78),(87,"Daphne","King","Suspendisse.aliquet@apurus.org","1-527-415-5505",8),(88,"Zenia","Coffey","pede.Cum.sociis@a.org","1-678-323-0047",79),(89,"Fay","Castro","magna.Praesent@penatibusetmagnis.com","1-990-799-7267",45),(90,"Kaseem","Guthrie","non@orciquis.edu","1-872-296-0165",31);
INSERT INTO `contact` (`contact_id`,`first_name`,`last_name`,`email`,`phone`,`org_id`) VALUES (91,"Tarik","Mccray","quam.Curabitur.vel@laciniaatiaculis.ca","1-395-552-7418",74),(92,"Madeson","Gutierrez","tellus.Aenean@Donec.net","1-798-909-1753",28),(93,"Lane","Martin","mus@Loremipsumdolor.ca","1-937-147-0314",5),(94,"Thane","Hardy","euismod@augue.com","1-526-411-0598",40),(95,"Alvin","Vance","Ut@dolor.co.uk","1-174-497-2756",73),(96,"Jeanette","Bryant","consectetuer.adipiscing.elit@eu.org","1-154-598-7428",80),(97,"Callie","Bush","ac.sem@variusNam.edu","1-120-263-9002",12),(98,"Macy","Stark","metus.urna@adipiscing.org","1-124-939-1710",2),(99,"Gray","Buchanan","Nam.porttitor.scelerisque@lacusAliquam.ca","1-682-163-3746",76),(100,"Alana","Lucas","quam.elementum.at@quam.co.uk","1-524-974-1409",5);


CREATE TABLE event_type (
	event_type_id INT PRIMARY KEY AUTO_INCREMENT,
    event_type VARCHAR(50) NOT NULL
);

/*Insert test data to event type*/
INSERT INTO `event_type` (`event_type_id`,`event_type`) VALUES (1,"Curabitur"),(2,"orci"),(3,"nisi"),(4,"adipiscing"),(5,"Lorem");


CREATE TABLE event_topic (
	event_topic_id INT PRIMARY KEY AUTO_INCREMENT,
    event_topic VARCHAR(100) NOT NULL
);

/*insert data to event topic table*/
INSERT INTO `event_topic` (`event_topic_id`,`event_topic`) VALUES (1,"lacus pede sagittis augue, eu"),(2,"nisl. Maecenas"),(3,"tempus"),(4,"Donec felis orci,"),(5,"nisl. Maecenas malesuada fringilla");

CREATE TABLE event (
	event_id INT PRIMARY KEY AUTO_INCREMENT,
    event_title TEXT NOT NULL,
    event_type INT NOT NULL,
    event_description LONGTEXT NOT NULL,
    CONSTRAINT event_fk_event_type
		FOREIGN KEY (event_type)
        REFERENCES event_type(event_type_id),
	start_date_time DATETIME NOT NULL,
    end_date_time DATETIME,
    address_id INT NOT NULL,
	CONSTRAINT event_fk_address_id
		FOREIGN KEY (address_id)
        REFERENCES address(address_id),
	main_topic_id INT NOT NULL,
    CONSTRAINT event_fk_main_topic_id
		FOREIGN KEY (main_topic_id)
        REFERENCES event_topic(event_topic_id),
	main_event_org_id INT NOT NULL,
    CONSTRAINT main_event_org_fk_organization
		FOREIGN KEY (main_event_org_id)
        REFERENCES organization(org_id)
);

/*Insert test data into the event table*/
INSERT INTO `event` (`event_id`,`event_title`,`event_type`,`event_description`,`start_date_time`,`end_date_time`,`address_id`,`main_topic_id`,`main_event_org_id`) VALUES (1,"Donec porttitor tellus non",5,"sagittis felis. Donec tempor, est ac mattis semper, dui lectus rutrum urna, nec luctus felis purus ac","2015-08-12 16:34:31","2016-01-11 07:32:41",60,2,70),(2,"ac metus vitae",5,"aliquet, sem ut cursus luctus, ipsum leo elementum sem, vitae aliquam eros turpis non enim. Mauris quis turpis vitae purus","2015-10-27 23:50:44","2016-12-06 06:32:49",68,3,57),(3,"magna. Phasellus dolor elit, pellentesque a, facilisis non, bibendum sed,",3,"non, egestas a, dui. Cras pellentesque. Sed dictum. Proin eget odio. Aliquam vulputate ullamcorper magna. Sed eu eros. Nam consequat dolor vitae dolor. Donec fringilla. Donec feugiat metus sit amet ante. Vivamus non lorem","2015-10-24 19:59:25","2016-12-24 06:35:16",1,5,39),(4,"amet metus. Aliquam erat volutpat. Nulla facilisis. Suspendisse",5,"neque non quam. Pellentesque habitant morbi tristique senectus et netus et malesuada fames ac turpis egestas. Aliquam fringilla cursus purus. Nullam scelerisque neque sed sem egestas blandit. Nam nulla magna, malesuada vel, convallis in, cursus et, eros. Proin ultrices. Duis volutpat nunc sit amet metus. Aliquam erat volutpat. Nulla facilisis. Suspendisse commodo tincidunt nibh. Phasellus nulla. Integer vulputate, risus a ultricies adipiscing, enim mi tempor lorem, eget mollis lectus pede et risus. Quisque libero lacus, varius et, euismod et, commodo at, libero. Morbi accumsan laoreet ipsum. Curabitur","2015-09-27 13:51:16","2016-02-22 10:28:11",60,1,45),(5,"sed tortor. Integer aliquam adipiscing lacus. Ut nec urna et",3,"Aliquam ornare, libero at auctor ullamcorper, nisl arcu iaculis enim, sit amet ornare lectus justo eu arcu. Morbi sit amet massa. Quisque porttitor eros nec tellus. Nunc lectus pede, ultrices a, auctor non, feugiat nec, diam. Duis mi enim, condimentum eget, volutpat ornare, facilisis eget, ipsum. Donec sollicitudin adipiscing ligula. Aenean gravida nunc sed pede. Cum sociis natoque penatibus et magnis dis parturient montes, nascetur ridiculus mus. Proin vel arcu eu odio tristique pharetra. Quisque ac libero nec ligula consectetuer rhoncus. Nullam velit dui, semper et, lacinia vitae, sodales at, velit. Pellentesque ultricies dignissim lacus. Aliquam rutrum lorem","2016-12-25 11:33:11","2016-02-04 08:57:00",67,5,15),(6,"aliquet.",3,"Mauris blandit enim consequat","2015-10-27 03:58:15","2016-11-24 06:24:24",53,1,14),(7,"dolor vitae dolor. Donec fringilla. Donec feugiat metus sit",1,"lobortis, nisi nibh lacinia orci, consectetuer euismod est arcu ac orci. Ut semper pretium neque. Morbi quis urna. Nunc quis arcu vel quam dignissim pharetra. Nam ac nulla. In tincidunt congue turpis. In condimentum. Donec at arcu. Vestibulum ante ipsum primis in faucibus orci luctus et ultrices posuere cubilia Curae Donec tincidunt. Donec vitae erat vel pede blandit congue. In scelerisque scelerisque dui. Suspendisse ac metus vitae velit egestas lacinia. Sed congue, elit sed consequat","2017-04-17 04:02:27","2016-08-03 12:38:45",20,4,61),(8,"porttitor vulputate,",2,"sed leo. Cras vehicula aliquet libero. Integer in magna. Phasellus dolor elit, pellentesque a, facilisis non, bibendum sed, est. Nunc laoreet lectus quis massa. Mauris vestibulum, neque sed dictum eleifend, nunc risus varius orci, in consequat enim diam vel arcu. Curabitur ut odio vel est tempor bibendum. Donec felis","2015-09-13 21:38:33","2015-08-16 02:07:18",87,2,44),(9,"Vestibulum accumsan neque et nunc. Quisque ornare tortor at",3,"vitae velit egestas lacinia. Sed congue, elit sed consequat auctor, nunc nulla vulputate dui, nec tempus mauris erat eget ipsum. Suspendisse sagittis. Nullam vitae diam. Proin dolor. Nulla semper tellus id nunc interdum feugiat. Sed nec metus facilisis lorem tristique aliquet. Phasellus fermentum convallis ligula. Donec luctus aliquet odio. Etiam ligula tortor, dictum eu, placerat eget, venenatis a, magna. Lorem ipsum dolor sit amet, consectetuer adipiscing elit. Etiam laoreet, libero et tristique pellentesque, tellus sem mollis dui, in sodales elit erat vitae risus. Duis a mi fringilla mi lacinia mattis. Integer eu lacus. Quisque imperdiet,","2015-06-26 20:58:07","2017-05-02 01:57:09",40,4,96),(10,"hendrerit. Donec porttitor tellus non magna. Nam",1,"orci lacus vestibulum lorem, sit amet ultricies sem magna nec quam. Curabitur vel lectus. Cum sociis natoque penatibus et magnis dis parturient montes, nascetur ridiculus","2016-01-17 03:06:54","2016-09-28 21:21:03",61,1,68);
INSERT INTO `event` (`event_id`,`event_title`,`event_type`,`event_description`,`start_date_time`,`end_date_time`,`address_id`,`main_topic_id`,`main_event_org_id`) VALUES (11,"sit amet",4,"dolor. Fusce mi lorem, vehicula et, rutrum eu, ultrices sit amet, risus. Donec nibh enim, gravida","2017-04-20 07:47:38","2015-05-15 21:02:35",56,4,57),(12,"sodales. Mauris blandit enim consequat purus. Maecenas libero",5,"ullamcorper, velit in aliquet lobortis, nisi nibh lacinia orci,","2015-08-26 03:10:19","2017-01-21 16:22:25",80,3,46),(13,"quis turpis vitae",1,"magna. Nam ligula elit, pretium et, rutrum non, hendrerit id, ante. Nunc mauris sapien, cursus in, hendrerit consectetuer, cursus et, magna. Praesent interdum ligula eu enim. Etiam imperdiet dictum magna. Ut tincidunt orci quis lectus. Nullam suscipit, est ac facilisis facilisis, magna tellus faucibus leo, in lobortis tellus justo sit amet nulla. Donec non justo. Proin non massa non ante bibendum ullamcorper. Duis cursus, diam at pretium aliquet, metus urna convallis erat, eget tincidunt dui augue eu tellus. Phasellus elit pede, malesuada","2016-12-11 15:35:37","2016-11-26 03:26:42",21,3,69),(14,"cursus luctus,",1,"arcu eu odio tristique pharetra. Quisque ac libero nec ligula consectetuer rhoncus. Nullam velit dui, semper et, lacinia vitae, sodales at, velit. Pellentesque ultricies dignissim lacus. Aliquam rutrum lorem ac risus. Morbi metus. Vivamus euismod urna. Nullam lobortis quam a felis ullamcorper viverra. Maecenas iaculis aliquet diam. Sed diam lorem, auctor quis, tristique ac, eleifend vitae, erat. Vivamus nisi. Mauris nulla. Integer urna. Vivamus molestie dapibus ligula. Aliquam erat volutpat. Nulla dignissim. Maecenas ornare egestas ligula. Nullam feugiat placerat velit. Quisque varius. Nam porttitor scelerisque","2015-08-22 13:58:32","2016-11-28 23:31:35",32,4,73),(15,"Integer tincidunt aliquam arcu. Aliquam ultrices iaculis odio.",3,"ridiculus mus. Donec dignissim magna a tortor. Nunc commodo auctor velit. Aliquam nisl. Nulla eu neque pellentesque massa lobortis ultrices. Vivamus rhoncus. Donec est.","2015-05-16 20:31:09","2016-03-19 19:25:40",100,3,12),(16,"urna. Nullam lobortis quam a",5,"amet ornare lectus justo eu arcu. Morbi sit amet massa. Quisque porttitor eros nec tellus. Nunc lectus pede, ultrices a, auctor non, feugiat nec, diam. Duis mi enim, condimentum eget, volutpat ornare, facilisis eget, ipsum. Donec sollicitudin adipiscing ligula. Aenean gravida nunc sed pede. Cum sociis natoque penatibus et magnis dis","2016-02-15 12:59:40","2015-11-26 06:23:59",95,3,52),(17,"Proin eget odio. Aliquam vulputate ullamcorper magna. Sed eu",3,"id, mollis nec, cursus a, enim. Suspendisse aliquet, sem ut cursus luctus, ipsum leo elementum sem, vitae aliquam eros turpis non enim. Mauris quis turpis vitae purus gravida sagittis. Duis gravida. Praesent eu nulla at sem molestie sodales. Mauris blandit enim consequat purus. Maecenas libero est, congue a, aliquet vel, vulputate eu, odio. Phasellus at augue id ante dictum cursus. Nunc mauris elit, dictum eu, eleifend nec, malesuada ut, sem. Nulla interdum. Curabitur dictum. Phasellus in felis. Nulla tempor augue ac ipsum. Phasellus vitae","2015-09-25 05:01:45","2015-12-05 10:06:28",58,1,78),(18,"ullamcorper",1,"nisl. Nulla eu neque pellentesque massa lobortis ultrices. Vivamus rhoncus. Donec est. Nunc ullamcorper, velit in aliquet lobortis, nisi nibh lacinia orci, consectetuer euismod est arcu ac orci. Ut semper pretium neque. Morbi quis urna. Nunc quis arcu vel quam dignissim pharetra. Nam ac nulla. In tincidunt congue turpis. In condimentum. Donec at arcu. Vestibulum ante ipsum primis in faucibus orci luctus et ultrices posuere cubilia Curae Donec tincidunt. Donec vitae erat vel pede blandit congue. In scelerisque scelerisque dui. Suspendisse ac metus vitae velit egestas lacinia. Sed congue, elit sed consequat auctor, nunc nulla vulputate dui, nec","2016-09-10 07:09:33","2017-04-24 18:36:17",24,4,75),(19,"diam at",2,"nisl. Nulla eu neque pellentesque massa lobortis ultrices. Vivamus rhoncus. Donec","2017-04-09 17:02:40","2016-10-28 00:35:21",49,1,83),(20,"dictum ultricies ligula. Nullam enim. Sed nulla ante, iaculis",5,"tortor nibh sit amet orci. Ut sagittis lobortis mauris. Suspendisse aliquet molestie tellus. Aenean egestas hendrerit neque. In ornare sagittis felis. Donec tempor, est ac mattis semper, dui lectus rutrum urna, nec luctus felis purus ac tellus. Suspendisse sed dolor. Fusce mi lorem, vehicula et, rutrum eu, ultrices sit amet, risus. Donec nibh enim, gravida sit amet, dapibus id, blandit at, nisi. Cum sociis natoque penatibus et magnis dis parturient montes, nascetur ridiculus mus. Proin vel nisl. Quisque fringilla euismod enim. Etiam gravida molestie arcu. Sed eu nibh vulputate mauris sagittis placerat. Cras","2016-11-25 01:27:36","2016-11-22 18:09:14",78,2,17);
INSERT INTO `event` (`event_id`,`event_title`,`event_type`,`event_description`,`start_date_time`,`end_date_time`,`address_id`,`main_topic_id`,`main_event_org_id`) VALUES (21,"neque. Sed",5,"convallis convallis dolor. Quisque tincidunt pede ac urna. Ut tincidunt vehicula risus. Nulla eget metus eu erat semper","2016-08-18 05:50:49","2016-01-25 03:58:13",77,2,69),(22,"lorem tristique aliquet. Phasellus fermentum convallis ligula. Donec luctus",5,"Maecenas malesuada fringilla est. Mauris eu turpis. Nulla aliquet. Proin velit. Sed malesuada augue ut lacus. Nulla tincidunt, neque vitae semper egestas, urna justo faucibus lectus, a sollicitudin orci sem eget massa. Suspendisse eleifend. Cras sed leo. Cras vehicula aliquet libero. Integer in magna. Phasellus dolor elit, pellentesque a, facilisis non, bibendum sed, est. Nunc laoreet lectus quis massa. Mauris vestibulum, neque sed dictum eleifend, nunc risus varius orci, in consequat enim diam vel arcu. Curabitur ut odio vel est tempor bibendum. Donec felis orci,","2017-03-28 08:45:18","2016-07-06 21:26:11",1,2,1),(23,"In nec orci.",2,"turpis.","2016-05-11 09:03:03","2016-11-26 02:48:22",59,1,50),(24,"in aliquet lobortis,",3,"ligula elit, pretium et, rutrum non, hendrerit id, ante. Nunc mauris sapien, cursus in, hendrerit consectetuer, cursus et, magna. Praesent interdum ligula eu enim. Etiam imperdiet dictum magna. Ut tincidunt orci quis lectus. Nullam suscipit, est ac facilisis facilisis, magna tellus faucibus leo, in lobortis tellus justo sit amet nulla. Donec non justo. Proin non massa non ante bibendum ullamcorper. Duis cursus,","2016-03-12 08:03:59","2016-12-20 08:18:40",92,3,91),(25,"laoreet posuere,",4,"orci, in consequat enim diam vel arcu. Curabitur ut odio vel est tempor bibendum. Donec felis orci, adipiscing non, luctus sit amet, faucibus ut, nulla. Cras eu tellus eu augue porttitor interdum. Sed auctor odio a purus. Duis elementum, dui quis accumsan convallis, ante lectus convallis est, vitae sodales nisi magna sed dui. Fusce aliquam,","2016-01-13 06:28:24","2016-10-01 23:42:50",95,1,75),(26,"justo nec ante. Maecenas mi felis, adipiscing fringilla,",3,"in consequat enim diam vel arcu. Curabitur ut odio vel est tempor bibendum.","2016-04-28 00:38:04","2015-06-14 04:27:09",69,5,60),(27,"Proin dolor. Nulla semper tellus id nunc interdum feugiat.",1,"cursus in, hendrerit consectetuer, cursus et, magna. Praesent interdum ligula eu enim. Etiam","2015-08-18 14:17:00","2015-06-30 01:13:16",31,2,60),(28,"non, hendrerit id,",1,"Aliquam rutrum lorem ac risus. Morbi metus. Vivamus euismod urna. Nullam lobortis quam a felis ullamcorper viverra. Maecenas iaculis aliquet diam. Sed diam lorem, auctor quis, tristique ac, eleifend vitae, erat. Vivamus nisi. Mauris nulla. Integer urna. Vivamus molestie dapibus ligula. Aliquam erat volutpat. Nulla dignissim. Maecenas ornare egestas ligula. Nullam feugiat placerat velit. Quisque varius. Nam porttitor scelerisque neque. Nullam nisl. Maecenas malesuada fringilla","2017-03-09 15:05:36","2016-01-31 18:44:35",71,4,68),(29,"mattis. Integer eu",4,"aliquam adipiscing lacus. Ut nec urna et arcu imperdiet ullamcorper. Duis at lacus. Quisque purus sapien, gravida non, sollicitudin a, malesuada id, erat. Etiam vestibulum massa rutrum magna.","2016-05-16 08:15:23","2015-07-30 19:52:42",89,1,97),(30,"velit. Cras lorem lorem,",4,"ante. Maecenas mi felis, adipiscing fringilla, porttitor vulputate, posuere vulputate, lacus. Cras interdum. Nunc sollicitudin commodo ipsum. Suspendisse non leo. Vivamus nibh dolor, nonummy ac, feugiat non, lobortis quis, pede. Suspendisse dui. Fusce diam nunc, ullamcorper eu, euismod ac, fermentum vel, mauris. Integer sem elit, pharetra ut, pharetra sed, hendrerit a, arcu. Sed et libero. Proin mi. Aliquam gravida mauris ut mi. Duis risus odio, auctor vitae, aliquet nec, imperdiet nec, leo. Morbi neque tellus, imperdiet non, vestibulum nec,","2016-06-01 05:55:28","2016-03-28 22:34:43",25,3,71);
INSERT INTO `event` (`event_id`,`event_title`,`event_type`,`event_description`,`start_date_time`,`end_date_time`,`address_id`,`main_topic_id`,`main_event_org_id`) VALUES (31,"dictum. Phasellus in felis.",4,"nec metus facilisis lorem tristique aliquet. Phasellus fermentum convallis ligula. Donec","2015-08-26 02:36:11","2015-06-05 11:21:02",79,1,79),(32,"rutrum eu, ultrices sit amet, risus. Donec",2,"magna. Sed eu eros. Nam consequat dolor vitae dolor. Donec fringilla. Donec feugiat metus sit amet ante. Vivamus non lorem vitae odio sagittis semper. Nam tempor diam dictum sapien. Aenean massa. Integer vitae nibh. Donec est mauris, rhoncus id, mollis nec, cursus a, enim. Suspendisse aliquet, sem ut cursus luctus, ipsum leo elementum sem, vitae aliquam eros turpis non enim. Mauris quis turpis vitae purus gravida sagittis. Duis gravida. Praesent eu nulla at sem molestie sodales. Mauris blandit enim consequat purus. Maecenas libero est, congue a, aliquet vel, vulputate eu, odio. Phasellus at augue id ante dictum cursus. Nunc","2016-10-22 03:19:21","2016-06-09 22:36:33",76,1,9),(33,"arcu. Sed",2,"adipiscing fringilla, porttitor vulputate, posuere vulputate, lacus. Cras interdum. Nunc sollicitudin commodo ipsum. Suspendisse non leo. Vivamus nibh dolor, nonummy ac, feugiat non, lobortis quis, pede. Suspendisse dui. Fusce diam nunc, ullamcorper eu, euismod ac, fermentum vel, mauris. Integer sem elit, pharetra ut, pharetra sed, hendrerit a, arcu. Sed et libero. Proin mi. Aliquam gravida mauris ut mi. Duis risus odio, auctor vitae, aliquet nec, imperdiet nec, leo. Morbi neque tellus, imperdiet non, vestibulum nec, euismod in, dolor. Fusce feugiat. Lorem ipsum dolor sit amet, consectetuer adipiscing elit.","2015-09-29 08:32:07","2017-01-14 04:40:36",88,1,37),(34,"nisi sem semper erat, in consectetuer",1,"mauris ipsum porta elit, a feugiat tellus lorem eu metus. In lorem. Donec elementum, lorem ut aliquam iaculis, lacus pede sagittis augue, eu tempor erat neque non quam. Pellentesque habitant morbi tristique senectus et netus et malesuada fames ac turpis egestas. Aliquam fringilla cursus purus. Nullam scelerisque neque sed sem egestas blandit. Nam nulla magna, malesuada vel, convallis in, cursus et, eros. Proin ultrices. Duis volutpat nunc sit amet metus. Aliquam erat volutpat. Nulla facilisis. Suspendisse commodo tincidunt nibh. Phasellus nulla. Integer vulputate, risus a ultricies adipiscing, enim mi tempor lorem, eget mollis lectus pede","2016-04-05 08:03:10","2015-10-06 05:33:20",80,1,89),(35,"Proin nisl sem, consequat nec, mollis vitae, posuere",1,"tempor erat neque non quam. Pellentesque habitant morbi tristique senectus et netus et malesuada fames ac turpis egestas. Aliquam fringilla cursus purus. Nullam scelerisque neque sed sem egestas blandit. Nam nulla magna, malesuada vel, convallis in, cursus et, eros. Proin ultrices.","2016-04-30 06:19:27","2016-11-20 06:22:34",40,5,39),(36,"at auctor ullamcorper, nisl arcu iaculis enim, sit amet",2,"mollis. Duis sit amet diam eu dolor egestas rhoncus. Proin nisl sem, consequat nec, mollis vitae, posuere at, velit. Cras lorem lorem, luctus ut, pellentesque eget, dictum placerat, augue. Sed molestie. Sed id risus quis diam luctus lobortis. Class aptent taciti sociosqu ad litora torquent per conubia nostra, per inceptos hymenaeos. Mauris ut quam vel sapien imperdiet ornare. In faucibus. Morbi vehicula. Pellentesque tincidunt tempus risus. Donec egestas. Duis ac arcu. Nunc mauris. Morbi non sapien molestie","2017-02-23 05:10:21","2017-02-23 18:10:57",64,5,100),(37,"venenatis a, magna. Lorem",2,"consequat auctor, nunc nulla vulputate dui, nec tempus mauris erat eget ipsum. Suspendisse sagittis. Nullam vitae diam. Proin dolor. Nulla semper tellus id nunc interdum feugiat. Sed nec metus facilisis lorem tristique aliquet. Phasellus fermentum convallis ligula. Donec luctus aliquet odio. Etiam ligula tortor, dictum eu, placerat eget, venenatis a, magna. Lorem ipsum dolor sit amet, consectetuer adipiscing elit. Etiam laoreet, libero et tristique pellentesque, tellus sem mollis dui, in sodales elit erat vitae risus. Duis a mi fringilla mi lacinia mattis. Integer eu lacus. Quisque imperdiet, erat nonummy ultricies ornare, elit","2016-09-21 22:02:20","2016-06-21 10:15:10",58,3,75),(38,"molestie",5,"facilisis vitae, orci. Phasellus dapibus quam quis diam. Pellentesque habitant morbi tristique senectus et netus et malesuada fames ac turpis egestas. Fusce aliquet magna a neque. Nullam ut nisi a odio semper cursus. Integer mollis. Integer tincidunt aliquam arcu. Aliquam ultrices iaculis odio. Nam interdum enim non nisi. Aenean eget metus. In nec orci. Donec nibh. Quisque nonummy ipsum non arcu. Vivamus sit amet risus. Donec egestas. Aliquam nec enim. Nunc ut erat. Sed nunc est, mollis non, cursus non, egestas a, dui. Cras pellentesque. Sed dictum. Proin eget odio. Aliquam","2017-01-04 10:44:48","2016-01-20 04:09:46",30,1,78),(39,"non enim. Mauris quis turpis vitae purus gravida sagittis. Duis",1,"erat, eget tincidunt dui augue eu tellus. Phasellus elit pede, malesuada vel, venenatis vel, faucibus id, libero. Donec consectetuer mauris id sapien. Cras dolor dolor, tempus non, lacinia at, iaculis quis, pede. Praesent eu dui. Cum sociis natoque penatibus et magnis dis parturient montes, nascetur ridiculus mus. Aenean eget magna. Suspendisse tristique neque venenatis","2015-07-19 17:53:55","2015-11-03 23:05:58",50,4,54),(40,"ante lectus convallis",2,"neque. In ornare sagittis felis. Donec tempor, est ac mattis semper, dui lectus rutrum urna, nec luctus felis purus ac tellus. Suspendisse sed dolor. Fusce mi lorem, vehicula et, rutrum eu, ultrices sit amet, risus. Donec nibh enim, gravida sit amet, dapibus id, blandit at, nisi. Cum sociis natoque penatibus et magnis dis parturient montes, nascetur ridiculus mus. Proin vel nisl. Quisque fringilla euismod enim. Etiam gravida molestie arcu. Sed eu nibh vulputate mauris sagittis placerat. Cras dictum ultricies ligula. Nullam enim. Sed","2017-05-01 04:21:05","2016-10-06 11:04:33",7,4,54);
INSERT INTO `event` (`event_id`,`event_title`,`event_type`,`event_description`,`start_date_time`,`end_date_time`,`address_id`,`main_topic_id`,`main_event_org_id`) VALUES (41,"Fusce mi lorem, vehicula et,",2,"sollicitudin orci sem eget massa. Suspendisse eleifend. Cras sed leo. Cras vehicula aliquet libero. Integer in magna. Phasellus dolor elit, pellentesque a, facilisis non, bibendum sed, est. Nunc laoreet lectus quis massa. Mauris vestibulum, neque sed dictum eleifend, nunc risus varius orci, in consequat enim diam vel arcu. Curabitur ut odio","2016-08-01 10:08:34","2016-07-15 12:27:06",61,5,82),(42,"Aliquam nisl.",3,"egestas hendrerit neque. In ornare sagittis felis. Donec tempor, est ac mattis semper, dui lectus rutrum urna, nec luctus felis purus ac tellus. Suspendisse sed dolor. Fusce mi lorem, vehicula et, rutrum eu, ultrices sit amet, risus. Donec nibh enim, gravida sit amet, dapibus id, blandit at, nisi. Cum sociis natoque penatibus et magnis dis parturient montes, nascetur ridiculus mus. Proin vel nisl. Quisque fringilla euismod enim. Etiam gravida molestie","2016-07-20 20:34:29","2015-12-09 09:22:29",39,3,8),(43,"eget, dictum placerat, augue. Sed molestie. Sed id risus",1,"pharetra, felis eget varius ultrices, mauris ipsum porta elit, a feugiat tellus lorem eu metus. In lorem. Donec elementum, lorem ut aliquam iaculis, lacus pede sagittis augue, eu tempor erat neque non quam. Pellentesque habitant morbi tristique senectus et netus et malesuada fames ac turpis egestas. Aliquam fringilla cursus purus. Nullam scelerisque neque sed sem egestas blandit. Nam nulla magna, malesuada vel, convallis in, cursus et, eros. Proin ultrices. Duis volutpat nunc sit amet metus. Aliquam erat volutpat. Nulla facilisis. Suspendisse commodo","2015-05-24 09:56:51","2017-01-05 06:53:59",39,2,23),(44,"Morbi",3,"nisi dictum augue malesuada malesuada. Integer id magna et ipsum cursus vestibulum. Mauris magna. Duis dignissim tempor arcu. Vestibulum ut eros non enim commodo hendrerit. Donec porttitor tellus non magna. Nam ligula elit, pretium et, rutrum non, hendrerit id, ante. Nunc mauris sapien, cursus in, hendrerit consectetuer, cursus et, magna. Praesent interdum ligula eu enim. Etiam imperdiet dictum magna. Ut tincidunt orci quis lectus.","2015-12-30 00:58:10","2015-11-28 02:42:55",62,4,82),(45,"diam at pretium aliquet, metus",5,"natoque penatibus et magnis dis parturient montes, nascetur ridiculus mus. Proin vel arcu eu odio tristique pharetra. Quisque ac libero nec ligula consectetuer rhoncus. Nullam velit dui, semper et, lacinia vitae, sodales at, velit. Pellentesque ultricies dignissim lacus. Aliquam rutrum lorem ac risus. Morbi metus. Vivamus euismod urna. Nullam lobortis quam a felis ullamcorper viverra. Maecenas iaculis aliquet diam. Sed diam lorem, auctor quis, tristique ac, eleifend vitae, erat. Vivamus nisi. Mauris nulla. Integer urna. Vivamus molestie dapibus ligula. Aliquam erat volutpat. Nulla dignissim. Maecenas ornare","2016-01-12 08:45:08","2016-07-21 23:30:29",38,5,32),(46,"nec,",3,"fringilla. Donec feugiat metus sit amet ante.","2016-05-30 13:28:02","2016-07-31 06:32:09",70,2,51),(47,"erat. Vivamus nisi. Mauris nulla. Integer",1,"a, malesuada id, erat. Etiam vestibulum massa rutrum magna. Cras convallis convallis dolor. Quisque tincidunt pede ac urna. Ut tincidunt vehicula risus. Nulla eget metus eu erat","2016-04-12 11:22:04","2015-06-17 12:32:40",41,2,23),(48,"et malesuada fames ac turpis",1,"ac turpis egestas. Aliquam fringilla cursus purus. Nullam scelerisque neque sed sem egestas blandit. Nam nulla magna, malesuada vel, convallis in, cursus et, eros. Proin ultrices. Duis volutpat nunc sit amet metus. Aliquam erat volutpat. Nulla facilisis. Suspendisse commodo tincidunt nibh. Phasellus nulla. Integer vulputate, risus a","2015-05-09 10:40:03","2016-08-14 14:20:45",56,2,87),(49,"tellus. Phasellus elit pede, malesuada",2,"faucibus orci luctus et ultrices posuere cubilia Curae Phasellus ornare. Fusce mollis. Duis sit amet diam eu dolor egestas rhoncus. Proin nisl sem, consequat nec, mollis vitae, posuere at, velit. Cras lorem lorem, luctus ut, pellentesque eget, dictum placerat, augue. Sed molestie. Sed id risus quis diam luctus lobortis. Class aptent taciti sociosqu ad litora torquent per conubia nostra, per inceptos hymenaeos. Mauris ut quam vel sapien imperdiet ornare. In faucibus. Morbi vehicula. Pellentesque tincidunt tempus risus. Donec egestas. Duis ac arcu. Nunc mauris. Morbi non sapien","2015-10-07 01:55:37","2015-09-04 05:50:41",29,1,90),(50,"elit, a feugiat",5,"Donec elementum, lorem ut aliquam iaculis, lacus pede sagittis augue, eu tempor erat neque non quam. Pellentesque habitant morbi tristique","2016-01-30 01:32:09","2016-12-20 03:00:56",56,5,45);
INSERT INTO `event` (`event_id`,`event_title`,`event_type`,`event_description`,`start_date_time`,`end_date_time`,`address_id`,`main_topic_id`,`main_event_org_id`) VALUES (51,"mattis. Integer",3,"blandit mattis. Cras eget nisi dictum augue malesuada malesuada. Integer id magna et ipsum cursus vestibulum. Mauris magna. Duis dignissim tempor arcu. Vestibulum ut eros non enim commodo hendrerit. Donec porttitor tellus non magna. Nam ligula elit, pretium et, rutrum non, hendrerit id, ante. Nunc mauris sapien, cursus in, hendrerit consectetuer, cursus et, magna. Praesent interdum ligula eu enim. Etiam imperdiet dictum magna. Ut tincidunt orci quis lectus. Nullam suscipit, est ac facilisis facilisis, magna tellus faucibus leo, in lobortis tellus justo sit amet nulla. Donec non justo. Proin non massa non ante","2016-08-06 01:53:15","2015-10-31 20:01:17",27,5,24),(52,"ultrices. Vivamus",2,"lectus. Cum sociis natoque penatibus et magnis dis parturient montes, nascetur ridiculus mus. Donec dignissim magna a tortor. Nunc commodo auctor velit. Aliquam nisl. Nulla eu neque pellentesque massa lobortis ultrices. Vivamus rhoncus. Donec est. Nunc ullamcorper, velit in aliquet lobortis, nisi nibh lacinia orci, consectetuer euismod est arcu ac orci. Ut semper pretium neque. Morbi quis urna. Nunc quis arcu vel quam dignissim pharetra. Nam ac nulla. In tincidunt congue turpis. In condimentum. Donec at arcu. Vestibulum ante ipsum","2015-06-02 01:18:53","2016-06-28 01:51:16",30,1,11),(53,"tincidunt pede ac urna. Ut tincidunt vehicula risus. Nulla",3,"arcu. Vestibulum ante ipsum primis in faucibus orci luctus et ultrices posuere cubilia Curae Donec tincidunt. Donec vitae erat vel pede blandit congue. In scelerisque scelerisque dui. Suspendisse ac metus vitae velit egestas lacinia. Sed congue, elit sed consequat auctor, nunc nulla vulputate dui, nec tempus mauris erat eget ipsum. Suspendisse sagittis. Nullam vitae diam. Proin dolor. Nulla semper tellus id nunc interdum feugiat. Sed nec metus facilisis lorem tristique aliquet. Phasellus fermentum convallis ligula. Donec luctus aliquet odio. Etiam","2015-06-10 10:26:32","2016-07-06 20:33:45",39,2,23),(54,"ipsum. Suspendisse sagittis. Nullam vitae diam. Proin",4,"risus varius orci, in consequat enim diam vel arcu. Curabitur ut odio vel est tempor bibendum. Donec felis orci, adipiscing non, luctus sit amet, faucibus ut, nulla. Cras eu tellus eu augue porttitor interdum. Sed auctor odio a purus. Duis elementum, dui quis accumsan convallis, ante lectus convallis est, vitae sodales nisi magna sed dui. Fusce aliquam, enim nec tempus scelerisque, lorem ipsum sodales purus, in molestie tortor nibh sit amet orci. Ut sagittis lobortis mauris. Suspendisse aliquet molestie tellus.","2016-02-10 15:46:43","2015-06-07 18:10:57",41,2,51),(55,"nulla magna, malesuada vel, convallis in, cursus et, eros. Proin",2,"vel turpis. Aliquam adipiscing lobortis risus. In mi pede, nonummy","2015-11-11 00:13:35","2017-01-14 12:39:06",67,3,51),(56,"convallis convallis dolor. Quisque tincidunt",1,"lacus. Cras interdum. Nunc sollicitudin commodo ipsum. Suspendisse non leo. Vivamus nibh dolor, nonummy ac, feugiat non, lobortis quis, pede. Suspendisse dui. Fusce diam nunc, ullamcorper eu, euismod ac, fermentum vel, mauris. Integer sem elit, pharetra ut, pharetra sed, hendrerit a, arcu. Sed et libero. Proin mi. Aliquam gravida mauris ut mi. Duis risus odio, auctor vitae, aliquet nec, imperdiet nec, leo. Morbi neque tellus, imperdiet non, vestibulum nec, euismod in,","2016-06-27 01:05:04","2015-05-11 16:43:19",40,1,62),(57,"venenatis",5,"sem eget massa. Suspendisse eleifend. Cras sed leo. Cras vehicula","2015-07-27 23:31:46","2016-03-06 12:37:48",45,5,55),(58,"risus.",2,"dignissim lacus. Aliquam","2015-06-04 00:27:05","2016-07-19 11:46:45",41,2,72),(59,"sed dolor. Fusce mi lorem,",4,"purus. Duis elementum, dui quis accumsan convallis, ante lectus convallis est, vitae sodales nisi magna sed dui. Fusce aliquam, enim nec tempus scelerisque, lorem ipsum sodales purus, in molestie tortor nibh sit","2016-06-29 16:17:31","2015-05-18 07:35:46",96,2,91),(60,"amet, consectetuer",3,"Nunc ut erat. Sed nunc est, mollis non, cursus non, egestas a, dui. Cras pellentesque. Sed dictum. Proin eget odio. Aliquam vulputate ullamcorper magna. Sed eu eros. Nam consequat dolor vitae dolor. Donec fringilla. Donec feugiat metus sit amet ante. Vivamus non lorem vitae odio sagittis semper. Nam tempor diam dictum sapien. Aenean massa. Integer vitae nibh. Donec est mauris, rhoncus id, mollis nec, cursus a, enim. Suspendisse aliquet, sem ut cursus luctus, ipsum leo elementum sem, vitae aliquam eros turpis non enim. Mauris quis turpis vitae purus gravida sagittis. Duis gravida. Praesent eu nulla at","2016-04-06 14:48:58","2016-07-05 21:52:10",30,4,96);
INSERT INTO `event` (`event_id`,`event_title`,`event_type`,`event_description`,`start_date_time`,`end_date_time`,`address_id`,`main_topic_id`,`main_event_org_id`) VALUES (61,"Donec feugiat metus",3,"mollis. Duis sit amet diam eu dolor egestas rhoncus. Proin nisl sem, consequat nec, mollis vitae, posuere at, velit. Cras lorem lorem, luctus ut, pellentesque","2015-11-24 13:14:26","2015-12-10 04:52:26",99,5,96),(62,"Aliquam auctor, velit eget laoreet",4,"diam. Sed diam lorem, auctor quis, tristique ac, eleifend vitae, erat. Vivamus nisi.","2016-02-05 09:59:57","2015-11-10 07:41:55",61,4,99),(63,"Vestibulum ante ipsum primis in",5,"inceptos hymenaeos. Mauris ut quam vel sapien imperdiet ornare. In faucibus. Morbi vehicula. Pellentesque tincidunt tempus risus. Donec egestas. Duis ac arcu. Nunc mauris. Morbi non sapien molestie orci tincidunt adipiscing. Mauris molestie pharetra nibh. Aliquam ornare, libero at auctor ullamcorper, nisl arcu iaculis enim, sit amet ornare lectus justo eu arcu. Morbi sit amet massa. Quisque porttitor eros nec tellus. Nunc lectus pede, ultrices a, auctor non, feugiat nec, diam. Duis mi enim,","2015-07-17 16:40:11","2016-08-10 02:58:55",46,2,91),(64,"Cum sociis natoque penatibus et magnis dis",3,"elementum, lorem ut aliquam iaculis, lacus pede sagittis augue, eu tempor erat neque non quam. Pellentesque habitant morbi tristique senectus et netus et malesuada fames ac turpis egestas. Aliquam fringilla cursus purus. Nullam scelerisque neque sed sem egestas blandit. Nam nulla magna, malesuada vel, convallis in, cursus et, eros. Proin ultrices. Duis volutpat nunc sit amet metus. Aliquam erat volutpat. Nulla facilisis. Suspendisse commodo tincidunt nibh. Phasellus nulla. Integer vulputate, risus a ultricies adipiscing, enim mi tempor lorem, eget mollis lectus pede et","2015-10-08 12:01:40","2016-12-01 12:40:36",21,2,81),(65,"lacinia. Sed congue, elit sed consequat",4,"ipsum sodales purus, in molestie tortor nibh sit amet orci. Ut sagittis lobortis mauris. Suspendisse aliquet molestie tellus. Aenean egestas hendrerit neque. In ornare sagittis felis. Donec tempor, est ac mattis semper, dui lectus rutrum urna, nec luctus felis purus ac tellus. Suspendisse sed dolor. Fusce mi lorem, vehicula et, rutrum eu, ultrices sit amet, risus. Donec nibh enim, gravida sit amet, dapibus id, blandit at, nisi. Cum","2016-07-15 03:45:08","2016-04-04 01:19:57",86,5,25),(66,"lorem lorem, luctus ut, pellentesque eget,",4,"risus. Duis a mi fringilla mi lacinia mattis. Integer eu lacus. Quisque imperdiet, erat nonummy ultricies ornare, elit elit fermentum risus, at fringilla purus mauris a nunc. In at pede. Cras vulputate velit eu sem. Pellentesque ut ipsum","2016-10-16 00:52:05","2016-11-08 21:05:42",62,1,34),(67,"Vivamus nisi. Mauris nulla. Integer urna. Vivamus molestie",2,"fringilla ornare placerat, orci lacus","2017-03-01 21:11:22","2015-07-09 16:34:50",54,1,90),(68,"magnis dis parturient montes, nascetur ridiculus mus. Donec dignissim magna",2,"nulla. Integer vulputate, risus a ultricies adipiscing, enim mi tempor lorem, eget mollis lectus pede et risus. Quisque libero lacus, varius et, euismod et, commodo at, libero. Morbi accumsan laoreet ipsum. Curabitur consequat, lectus sit amet luctus vulputate, nisi sem semper erat, in consectetuer ipsum nunc id enim. Curabitur massa. Vestibulum accumsan neque et nunc. Quisque ornare tortor at risus. Nunc ac sem ut dolor","2015-06-30 15:19:17","2016-03-23 13:15:38",45,1,63),(69,"viverra. Maecenas iaculis aliquet diam.",4,"ornare. Fusce mollis. Duis sit amet diam eu dolor egestas rhoncus. Proin nisl sem, consequat nec, mollis vitae, posuere at, velit. Cras lorem lorem, luctus ut, pellentesque eget, dictum placerat, augue. Sed molestie. Sed id","2016-02-09 09:34:55","2016-12-08 17:19:37",17,2,47),(70,"Donec luctus aliquet odio. Etiam",2,"malesuada fames ac turpis egestas. Aliquam fringilla cursus purus. Nullam scelerisque neque sed sem egestas blandit. Nam nulla magna, malesuada vel, convallis in, cursus et, eros. Proin ultrices. Duis volutpat nunc sit amet metus. Aliquam erat volutpat. Nulla facilisis. Suspendisse commodo tincidunt nibh. Phasellus nulla. Integer vulputate, risus a ultricies adipiscing, enim mi tempor lorem, eget mollis lectus pede et risus. Quisque libero lacus, varius et,","2016-01-04 11:38:00","2016-08-13 16:24:58",43,1,48);
INSERT INTO `event` (`event_id`,`event_title`,`event_type`,`event_description`,`start_date_time`,`end_date_time`,`address_id`,`main_topic_id`,`main_event_org_id`) VALUES (71,"sagittis. Duis gravida. Praesent eu nulla at sem molestie",3,"mi lorem, vehicula et, rutrum eu, ultrices sit amet, risus. Donec nibh enim, gravida sit amet,","2015-08-25 02:06:29","2015-09-23 17:14:33",69,5,12),(72,"vitae dolor. Donec fringilla. Donec feugiat metus",3,"eu neque pellentesque massa lobortis ultrices. Vivamus rhoncus. Donec est. Nunc ullamcorper, velit in aliquet lobortis, nisi nibh lacinia orci, consectetuer euismod est arcu ac orci. Ut semper pretium neque. Morbi","2015-10-30 04:06:01","2015-09-13 13:46:30",69,2,100),(73,"tincidunt vehicula risus.",2,"mus. Aenean eget magna. Suspendisse tristique neque venenatis lacus. Etiam bibendum fermentum metus. Aenean sed pede nec ante blandit viverra. Donec tempus, lorem fringilla ornare placerat, orci lacus vestibulum lorem, sit amet ultricies sem magna nec quam. Curabitur","2017-03-05 20:57:55","2016-06-15 11:43:36",16,5,6),(74,"lorem, auctor quis, tristique ac,",4,"vulputate, lacus. Cras interdum. Nunc sollicitudin commodo ipsum. Suspendisse non leo. Vivamus nibh dolor, nonummy ac, feugiat non, lobortis quis,","2015-08-16 20:38:03","2016-10-18 14:32:14",13,2,97),(75,"vel arcu. Curabitur ut odio vel est tempor bibendum. Donec",2,"Phasellus dapibus quam quis diam. Pellentesque habitant morbi tristique senectus et netus et malesuada fames ac turpis egestas. Fusce aliquet magna a neque. Nullam ut nisi a odio semper cursus. Integer mollis. Integer tincidunt aliquam arcu. Aliquam ultrices","2015-05-10 12:04:28","2016-08-31 14:18:28",44,2,52),(76,"sem elit, pharetra ut, pharetra sed, hendrerit",1,"consectetuer adipiscing elit. Etiam laoreet, libero et tristique pellentesque, tellus sem mollis dui, in sodales elit","2016-12-12 05:51:34","2016-12-12 16:50:48",91,2,99),(77,"ac, eleifend vitae,",2,"bibendum ullamcorper. Duis cursus, diam at pretium aliquet, metus urna convallis erat, eget tincidunt dui augue eu tellus. Phasellus elit pede, malesuada vel, venenatis vel, faucibus id, libero. Donec consectetuer mauris id sapien. Cras dolor dolor, tempus non, lacinia at, iaculis quis, pede. Praesent eu dui. Cum sociis natoque penatibus et magnis dis parturient montes, nascetur ridiculus mus. Aenean eget magna. Suspendisse tristique neque venenatis lacus. Etiam bibendum fermentum metus. Aenean sed pede nec ante blandit viverra. Donec tempus, lorem fringilla ornare placerat, orci lacus vestibulum lorem, sit amet ultricies sem magna nec quam. Curabitur","2016-04-20 10:26:34","2017-04-30 00:58:20",62,3,75),(78,"dolor. Fusce mi lorem, vehicula et, rutrum",4,"Nullam scelerisque neque sed sem","2016-01-08 20:25:43","2015-08-24 00:07:42",47,1,17),(79,"et tristique pellentesque,",5,"erat. Sed nunc est, mollis non, cursus non, egestas a, dui. Cras pellentesque. Sed dictum. Proin eget odio. Aliquam vulputate ullamcorper magna. Sed eu eros. Nam consequat dolor vitae dolor. Donec fringilla. Donec feugiat metus sit amet ante. Vivamus non lorem vitae odio sagittis semper. Nam tempor diam dictum sapien. Aenean massa. Integer vitae nibh. Donec est mauris, rhoncus id, mollis nec, cursus a, enim. Suspendisse aliquet, sem ut cursus luctus, ipsum leo elementum sem, vitae aliquam","2017-04-21 15:04:34","2015-08-27 15:48:15",85,2,97),(80,"eu elit. Nulla",3,"interdum. Nunc sollicitudin commodo ipsum. Suspendisse non leo. Vivamus nibh dolor, nonummy ac, feugiat non, lobortis quis, pede. Suspendisse dui. Fusce diam nunc, ullamcorper eu, euismod ac, fermentum vel, mauris. Integer sem elit, pharetra ut, pharetra sed, hendrerit a, arcu. Sed et libero. Proin mi. Aliquam gravida mauris ut mi. Duis","2016-09-07 00:12:10","2016-06-14 02:51:46",14,4,1);
INSERT INTO `event` (`event_id`,`event_title`,`event_type`,`event_description`,`start_date_time`,`end_date_time`,`address_id`,`main_topic_id`,`main_event_org_id`) VALUES (81,"magnis dis parturient montes, nascetur ridiculus mus. Proin vel nisl.",4,"Donec tempor, est ac mattis semper, dui lectus rutrum urna, nec luctus felis purus ac tellus. Suspendisse sed dolor. Fusce mi lorem, vehicula et, rutrum eu, ultrices sit amet, risus. Donec nibh enim, gravida sit amet, dapibus id, blandit at, nisi. Cum sociis natoque penatibus et magnis dis parturient montes, nascetur ridiculus","2015-09-24 14:33:49","2015-09-19 16:10:25",50,2,62),(82,"odio a purus.",1,"arcu. Sed eu nibh vulputate mauris sagittis placerat. Cras dictum ultricies ligula. Nullam enim. Sed nulla ante, iaculis nec, eleifend non,","2016-09-15 23:55:18","2016-05-13 10:54:36",16,5,41),(83,"tristique pharetra. Quisque ac",4,"luctus, ipsum leo elementum sem, vitae aliquam eros turpis non enim. Mauris quis turpis vitae purus gravida sagittis. Duis gravida. Praesent eu nulla at sem molestie sodales. Mauris blandit enim consequat purus. Maecenas libero est, congue a, aliquet vel, vulputate","2017-01-10 13:20:28","2016-06-07 11:30:13",83,3,27),(84,"lectus convallis est, vitae sodales nisi magna sed dui. Fusce",1,"netus et malesuada fames ac turpis egestas. Fusce aliquet magna a neque. Nullam ut nisi a odio semper cursus. Integer mollis. Integer tincidunt aliquam arcu. Aliquam ultrices iaculis odio. Nam","2016-05-06 17:56:32","2016-11-23 08:40:02",100,5,50),(85,"quis diam luctus lobortis. Class aptent taciti sociosqu",3,"arcu. Vestibulum ut eros non enim commodo hendrerit. Donec porttitor tellus","2017-04-26 08:47:41","2017-04-06 18:59:39",81,5,80),(86,"dolor dolor,",4,"ullamcorper, nisl arcu iaculis enim, sit amet ornare lectus justo eu arcu. Morbi sit amet massa. Quisque porttitor eros nec tellus. Nunc lectus pede, ultrices a, auctor non, feugiat nec, diam. Duis mi enim, condimentum eget, volutpat ornare, facilisis eget, ipsum. Donec sollicitudin adipiscing ligula. Aenean gravida nunc sed pede. Cum sociis natoque penatibus et magnis dis parturient montes, nascetur ridiculus mus. Proin vel arcu eu odio tristique pharetra. Quisque ac libero nec ligula consectetuer rhoncus. Nullam velit dui, semper et, lacinia vitae,","2016-02-13 15:36:49","2016-06-03 08:57:34",25,3,11),(87,"luctus et ultrices posuere cubilia",5,"dui augue eu tellus. Phasellus elit pede, malesuada vel, venenatis vel, faucibus id, libero. Donec consectetuer mauris id sapien. Cras dolor dolor, tempus non, lacinia at, iaculis quis, pede. Praesent eu dui. Cum sociis natoque penatibus et magnis dis parturient montes, nascetur ridiculus mus. Aenean eget magna. Suspendisse tristique neque venenatis lacus. Etiam bibendum fermentum metus. Aenean sed pede nec ante blandit viverra. Donec tempus, lorem fringilla ornare placerat, orci lacus vestibulum lorem, sit amet ultricies sem magna nec quam. Curabitur vel lectus. Cum sociis natoque penatibus et magnis dis","2016-06-27 07:47:57","2016-06-21 06:28:04",78,4,62),(88,"erat. Vivamus nisi. Mauris",5,"ut, sem. Nulla interdum. Curabitur dictum. Phasellus in felis. Nulla tempor augue ac ipsum. Phasellus vitae mauris sit amet lorem semper auctor. Mauris vel turpis. Aliquam adipiscing lobortis risus. In mi pede, nonummy ut, molestie in, tempus eu,","2015-07-10 18:23:00","2016-07-14 01:12:16",74,4,64),(89,"pede ac",3,"interdum. Nunc sollicitudin commodo ipsum. Suspendisse non leo. Vivamus nibh dolor, nonummy ac, feugiat non, lobortis quis, pede. Suspendisse dui. Fusce diam nunc, ullamcorper eu, euismod ac, fermentum vel, mauris. Integer sem elit, pharetra ut, pharetra sed, hendrerit a, arcu. Sed et libero. Proin mi. Aliquam gravida mauris ut mi. Duis risus odio, auctor vitae, aliquet nec, imperdiet nec, leo. Morbi","2015-11-08 16:35:02","2016-11-30 01:29:21",92,5,4),(90,"lectus, a sollicitudin orci sem eget massa.",5,"consectetuer adipiscing elit. Curabitur sed tortor. Integer aliquam adipiscing lacus. Ut nec urna et arcu imperdiet ullamcorper. Duis at lacus. Quisque purus sapien, gravida non, sollicitudin a, malesuada id, erat. Etiam vestibulum massa rutrum magna. Cras convallis convallis dolor. Quisque tincidunt pede ac urna. Ut tincidunt vehicula risus. Nulla eget metus eu erat semper rutrum. Fusce dolor quam, elementum at, egestas a, scelerisque sed, sapien. Nunc pulvinar arcu et pede. Nunc sed orci lobortis augue scelerisque mollis. Phasellus libero mauris, aliquam eu, accumsan sed, facilisis vitae, orci. Phasellus dapibus quam quis","2015-12-28 14:15:45","2016-06-03 14:35:36",70,5,71);
INSERT INTO `event` (`event_id`,`event_title`,`event_type`,`event_description`,`start_date_time`,`end_date_time`,`address_id`,`main_topic_id`,`main_event_org_id`) VALUES (91,"mauris. Integer sem elit, pharetra ut, pharetra sed,",4,"nisi nibh lacinia orci, consectetuer euismod est arcu ac orci. Ut semper pretium neque. Morbi quis urna. Nunc quis arcu vel quam dignissim pharetra. Nam ac nulla. In tincidunt congue turpis. In condimentum. Donec at arcu. Vestibulum ante ipsum primis in faucibus orci luctus","2016-11-10 04:14:42","2016-08-10 18:56:11",61,4,75),(92,"augue id ante dictum cursus. Nunc mauris",4,"at, libero. Morbi accumsan laoreet ipsum. Curabitur consequat, lectus sit amet luctus vulputate, nisi sem semper erat, in consectetuer ipsum nunc id enim. Curabitur massa. Vestibulum accumsan neque et nunc. Quisque ornare tortor at risus. Nunc ac sem ut dolor dapibus gravida. Aliquam tincidunt, nunc ac mattis ornare, lectus ante dictum","2016-09-25 01:04:06","2016-07-01 04:54:59",30,2,73),(93,"magna. Lorem ipsum dolor sit amet, consectetuer adipiscing elit.",1,"nisi sem semper erat, in consectetuer ipsum nunc id enim. Curabitur massa. Vestibulum","2016-11-09 19:47:29","2016-06-30 22:13:04",87,2,90),(94,"aliquet odio. Etiam ligula tortor, dictum eu,",3,"auctor ullamcorper, nisl arcu iaculis enim, sit amet ornare lectus justo eu arcu. Morbi sit amet massa. Quisque porttitor eros nec tellus. Nunc lectus pede, ultrices a, auctor non, feugiat nec, diam. Duis mi enim, condimentum eget, volutpat ornare, facilisis eget, ipsum. Donec sollicitudin adipiscing ligula. Aenean gravida","2016-01-19 09:20:54","2015-10-06 22:46:21",57,1,4),(95,"gravida nunc sed pede.",5,"velit eu sem. Pellentesque ut ipsum ac mi eleifend egestas. Sed pharetra, felis eget varius ultrices, mauris ipsum porta elit, a feugiat tellus lorem eu metus. In lorem. Donec elementum, lorem ut aliquam iaculis, lacus pede sagittis augue, eu tempor erat neque non quam. Pellentesque habitant morbi tristique senectus et netus et malesuada fames ac turpis egestas. Aliquam fringilla cursus purus. Nullam scelerisque neque sed sem egestas blandit. Nam nulla magna, malesuada vel, convallis in, cursus et, eros. Proin ultrices. Duis volutpat nunc sit amet metus. Aliquam erat volutpat. Nulla facilisis. Suspendisse commodo tincidunt","2015-08-25 04:51:53","2016-08-18 20:49:26",21,5,52),(96,"eu, odio.",3,"risus. Nunc ac sem ut dolor dapibus gravida. Aliquam tincidunt, nunc ac mattis ornare, lectus ante dictum mi, ac mattis velit justo nec ante. Maecenas mi felis,","2016-03-09 00:04:12","2016-11-28 01:10:57",52,1,55),(97,"Sed et libero. Proin mi. Aliquam gravida",3,"porttitor scelerisque neque. Nullam nisl. Maecenas malesuada fringilla est. Mauris eu turpis. Nulla aliquet. Proin velit. Sed malesuada augue ut lacus. Nulla tincidunt, neque vitae semper egestas, urna justo faucibus lectus, a sollicitudin orci sem eget massa. Suspendisse eleifend. Cras sed leo. Cras vehicula aliquet libero. Integer in magna. Phasellus dolor elit, pellentesque a, facilisis non, bibendum sed, est. Nunc laoreet lectus quis massa. Mauris vestibulum, neque sed dictum eleifend, nunc risus varius orci, in consequat enim diam vel arcu. Curabitur","2015-12-14 04:25:02","2016-10-07 12:47:01",91,3,78),(98,"natoque penatibus et",4,"nonummy","2016-08-26 20:58:59","2016-04-27 09:13:42",7,5,66),(99,"ac facilisis facilisis, magna tellus faucibus leo, in lobortis",5,"posuere at, velit. Cras lorem lorem, luctus ut, pellentesque eget, dictum placerat, augue. Sed molestie. Sed id risus quis diam luctus lobortis. Class aptent taciti sociosqu ad litora torquent per conubia nostra, per inceptos hymenaeos. Mauris ut quam vel sapien imperdiet ornare. In faucibus. Morbi vehicula. Pellentesque tincidunt tempus risus. Donec egestas. Duis ac arcu. Nunc mauris. Morbi non sapien molestie orci tincidunt adipiscing. Mauris molestie pharetra nibh. Aliquam ornare, libero at auctor ullamcorper, nisl arcu iaculis enim, sit amet ornare lectus justo eu arcu. Morbi sit amet massa.","2015-09-15 14:37:45","2016-07-13 17:35:55",81,4,89),(100,"posuere, enim nisl",1,"magna sed dui. Fusce aliquam, enim nec tempus scelerisque, lorem ipsum sodales purus, in molestie tortor","2015-05-24 22:29:08","2016-03-04 22:24:04",56,2,14);


CREATE TABLE event_sponsor (
	event_id INT NOT NULL,
    CONSTRAINT event_sponsor_fk_event_id
		FOREIGN KEY (event_id)
        REFERENCES event(event_id),
	org_id INT NOT NULL,
    CONSTRAINT event_sponsor_fk_org_id
		FOREIGN KEY (org_id)
        REFERENCES organization(org_id)
);

/*insert data to event_sponsor table*/
INSERT INTO `event_sponsor` (`event_id`,`org_id`) VALUES (30,62),(12,16),(85,90),(75,73),(2,6),(95,4),(66,48),(41,91),(83,26),(8,41);
INSERT INTO `event_sponsor` (`event_id`,`org_id`) VALUES (17,5),(99,38),(32,29),(92,60),(96,36),(44,25),(45,55),(92,98),(60,32),(2,7);
INSERT INTO `event_sponsor` (`event_id`,`org_id`) VALUES (57,70),(35,24),(49,58),(4,23),(48,83),(92,80),(41,59),(15,83),(10,77),(59,71);
INSERT INTO `event_sponsor` (`event_id`,`org_id`) VALUES (80,15),(31,21),(88,83),(60,98),(28,11),(21,37),(84,3),(42,55),(27,57),(13,56);
INSERT INTO `event_sponsor` (`event_id`,`org_id`) VALUES (1,9),(51,47),(93,67),(75,5),(4,81),(15,22),(51,50),(60,29),(97,45),(17,20);
INSERT INTO `event_sponsor` (`event_id`,`org_id`) VALUES (60,29),(47,21),(31,30),(26,47),(31,44),(64,17),(30,54),(48,48),(32,25),(31,74);
INSERT INTO `event_sponsor` (`event_id`,`org_id`) VALUES (4,84),(12,82),(99,40),(36,80),(43,65),(69,12),(64,15),(95,17),(95,83),(93,15);
INSERT INTO `event_sponsor` (`event_id`,`org_id`) VALUES (23,4),(61,66),(19,59),(40,56),(40,17),(76,75),(61,49),(35,88),(88,53),(13,84);
INSERT INTO `event_sponsor` (`event_id`,`org_id`) VALUES (70,6),(53,3),(53,19),(74,48),(83,43),(26,27),(12,22),(4,10),(63,5),(13,77);
INSERT INTO `event_sponsor` (`event_id`,`org_id`) VALUES (7,80),(25,21),(16,48),(80,98),(85,90),(83,94),(14,23),(84,48),(11,61),(13,80);


CREATE TABLE org_image (
	org_image_id INT NOT NULL,
    CONSTRAINT org_image_org_id
		FOREIGN KEY (org_image_id)
        REFERENCES organization(org_id),
    org_image BLOB
);
	
CREATE TABLE event_image (
	event_image_id INT NOT NULL,
    CONSTRAINT event_image_event_id
		FOREIGN KEY (event_image_id)
        REFERENCES event(event_id),
	event_image BLOB
);
    
SHOW ERRORS;