DROP DATABASE IF EXISTS cascadia_climate_action;
CREATE DATABASE cascadia_climate_action;
USE cascadia_climate_action;

CREATE TABLE address (
	address_id INT PRIMARY KEY AUTO_INCREMENT,
    building_name VARCHAR(100),
    street_address VARCHAR(100) NOT NULL,
    city VARCHAR(100) NOT NULL,
    zip VARCHAR(12) NOT NULL
);

/*Insert test data into the address table*/

INSERT INTO `address` (`address_id`,`building_name`,`street_address`,`city`,`zip`) VALUES (1,"Vivamus","4484 Dolor. Road","Albury","5634"),(2,"velit","506-8656 Ac Avenue","Toowoomba","8546"),(3,"pede,","940-3428 Et Rd.","Shepparton","8460"),(4,"Duis","Ap #925-8904 Fringilla, Rd.","Whyalla","7981"),(5,"faucibus","847-9852 A, St.","Queanbeyan","7995"),(6,"massa","Ap #466-8207 Lectus Avenue","Wangaratta","5106"),(7,"lobortis","760-7124 Turpis Street","Mount Gambier","9619"),(8,"lacus.","9686 Ut Rd.","Wanneroo","2022"),(9,"leo.","Ap #108-7167 Erat Avenue","Greater Hobart","1157"),(10,"risus.","Ap #497-960 Malesuada St.","Mount Isa","3982");
INSERT INTO `address` (`address_id`,`building_name`,`street_address`,`city`,`zip`) VALUES (11,"fames","572-6181 Et Rd.","Parramatta","5856"),(12,"ornare,","Ap #775-5718 Sed Av.","Bayswater","3449"),(13,"ligula.","Ap #604-2418 Cras Avenue","Penrith","3986"),(14,"aliquam","897-7396 Elementum Street","Traralgon","4372"),(15,"a","P.O. Box 223, 789 Vel St.","Dubbo","5038"),(16,"augue","P.O. Box 123, 6175 Cursus Av.","Rockhampton","8698"),(17,"egestas.","2576 Bibendum St.","Albury","4279"),(18,"varius","P.O. Box 905, 2803 Pharetra St.","Moe","3839"),(19,"sapien.","P.O. Box 206, 2008 Torquent Avenue","Newcastle","8782"),(20,"enim","417-3484 Quam, Road","Broken Hill","3613");
INSERT INTO `address` (`address_id`,`building_name`,`street_address`,`city`,`zip`) VALUES (21,"rutrum","Ap #869-1388 Integer Ave","Swan Hill","3475"),(22,"Nulla","199-1480 Cubilia Rd.","Broken Hill","2330"),(23,"luctus","5106 Tincidunt Avenue","Redlands","3391"),(24,"ligula.","765-9685 Praesent Av.","Wagga Wagga","2246"),(25,"sed","P.O. Box 837, 741 Sed Road","Cockburn","3175"),(26,"facilisis","545-9403 Duis Road","Canberra","2265"),(27,"Sed","P.O. Box 362, 2580 Ornare Road","Frankston","5468"),(28,"facilisi.","7586 Tincidunt Av.","Bayswater","8036"),(29,"taciti","Ap #864-7003 Gravida Street","Belgrave","1097"),(30,"tellus","748-4500 Varius Rd.","Murray Bridge","7648");
INSERT INTO `address` (`address_id`,`building_name`,`street_address`,`city`,`zip`) VALUES (31,"lacus,","255-7887 Eu Avenue","Lithgow","4461"),(32,"odio.","Ap #359-4658 Parturient Street","Belgrave","1670"),(33,"nisl.","P.O. Box 373, 3190 Odio, St.","Sydney","8778"),(34,"arcu.","4689 Vitae St.","Broken Hill","7143"),(35,"magna.","Ap #858-9570 Mi St.","Bunbury","2059"),(36,"Nulla","P.O. Box 144, 230 Est, Av.","Newcastle","5612"),(37,"ante.","4095 Nisi Rd.","Cairns","3310"),(38,"erat,","482-1809 Nulla Avenue","Fremantle","5561"),(39,"Mauris","402-6801 Metus. Rd.","Lithgow","5414"),(40,"neque","644-6818 Hendrerit Av.","Cairns","7158");
INSERT INTO `address` (`address_id`,`building_name`,`street_address`,`city`,`zip`) VALUES (41,"nascetur","P.O. Box 456, 2192 Integer Rd.","Charters Towers","1549"),(42,"Suspendisse","412-8505 Vitae Rd.","Moe","8601"),(43,"id","433 Eget Ave","Redlands","2734"),(44,"Curabitur","P.O. Box 726, 8107 Enim Street","Armadale","9205"),(45,"id,","915-264 Nulla Ave","Subiaco","9099"),(46,"pede","622-8999 Libero. Street","Dandenong","2145"),(47,"Duis","P.O. Box 360, 2403 Enim Road","Canning","6019"),(48,"nisl.","P.O. Box 655, 4543 Montes, Ave","Townsville","5271"),(49,"sed","876-7000 Cursus Rd.","Cessnock","7773"),(50,"dui.","P.O. Box 862, 8807 Massa. Rd.","Belmont","3076");
INSERT INTO `address` (`address_id`,`building_name`,`street_address`,`city`,`zip`) VALUES (51,"nec,","P.O. Box 698, 1886 Lacus. Av.","Bairnsdale","6366"),(52,"quam,","Ap #150-4499 Eu Rd.","Redcliffe","9429"),(53,"laoreet,","6876 Vel, Rd.","Logan City","1479"),(54,"nec,","2967 Massa Rd.","Grafton","4698"),(55,"magna.","P.O. Box 976, 991 Ad Rd.","Greater Hobart","1071"),(56,"at","684-8432 Sed Ave","Armadale","9922"),(57,"mauris","Ap #418-4165 Aliquet. St.","Morwell","5631"),(58,"eleifend","824-2474 Non, Avenue","Gladstone","2439"),(59,"ridiculus","2577 Dui Rd.","Kalgoorlie-Boulder","7978"),(60,"vitae","Ap #980-2752 Augue St.","Orange","8394");
INSERT INTO `address` (`address_id`,`building_name`,`street_address`,`city`,`zip`) VALUES (61,"Donec","871 Nullam Road","Blue Mountains","7570"),(62,"Nulla","719-7163 Montes, Street","Hamilton","9164"),(63,"arcu","720-5991 Phasellus St.","Morwell","4785"),(64,"sem","749-5953 Nullam Street","Caloundra","4877"),(65,"Aliquam","5262 Aliquet Av.","Mount Isa","7801"),(66,"pharetra,","516-7211 Placerat St.","Whyalla","5350"),(67,"magnis","Ap #405-3163 Urna Road","Gosnells","2230"),(68,"facilisis","P.O. Box 921, 8401 Nunc, Rd.","Horsham","1153"),(69,"a","234-1147 Vulputate Av.","Gold Coast","8215"),(70,"Cras","Ap #419-4386 Massa. St.","Newcastle","3841");
INSERT INTO `address` (`address_id`,`building_name`,`street_address`,`city`,`zip`) VALUES (71,"semper","248-6689 Rutrum Road","Armadale","8826"),(72,"Sed","680 Posuere Rd.","Bunbury","4963"),(73,"ornare,","9334 Phasellus St.","Frankston","9764"),(74,"Aenean","6857 Tincidunt, Rd.","Subiaco","2123"),(75,"eget","P.O. Box 760, 8110 Montes, Av.","Blue Mountains","2273"),(76,"sapien","372-813 Diam Rd.","Canning","2828"),(77,"metus.","Ap #365-6561 Nisi Rd.","Gladstone","3665"),(78,"magna","6748 Tincidunt St.","Devonport","6379"),(79,"nibh","2656 Adipiscing Rd.","Canberra","7595"),(80,"sit","Ap #503-9323 Cum St.","Cessnock","6556");
INSERT INTO `address` (`address_id`,`building_name`,`street_address`,`city`,`zip`) VALUES (81,"eros","6263 Vestibulum. St.","Rockingham","6188"),(82,"dis","Ap #427-3381 Dolor. Rd.","Frankston","5590"),(83,"Sed","Ap #824-7149 Suscipit Street","Bayswater","9462"),(84,"Integer","Ap #861-5523 Ac St.","Canberra","2709"),(85,"pulvinar","514-5752 Adipiscing Road","Wagga Wagga","3842"),(86,"adipiscing","242-5080 Orci, Av.","Redcliffe","5631"),(87,"ac","1686 Orci Road","Whyalla","5973"),(88,"Vestibulum","Ap #464-9730 Et Rd.","Canning","1342"),(89,"Phasellus","P.O. Box 695, 8461 Et Ave","Shepparton","6794"),(90,"blandit","2279 Nec Street","Rockhampton","8509");
INSERT INTO `address` (`address_id`,`building_name`,`street_address`,`city`,`zip`) VALUES (91,"egestas.","P.O. Box 688, 2024 Molestie Rd.","Logan City","5211"),(92,"diam","4017 Varius. Avenue","Bayswater","9468"),(93,"egestas","681-362 Nisl. St.","Fremantle","2706"),(94,"lorem","126-2717 Duis Road","Morwell","4604"),(95,"facilisis","P.O. Box 498, 6408 Ipsum St.","Kalgoorlie-Boulder","4752"),(96,"magnis","998-7897 Lorem Rd.","Maryborough","9790"),(97,"Mauris","360-2412 Nam Street","Melton","3543"),(98,"nisi","923-4776 Duis Avenue","Sale","4053"),(99,"nec","Ap #410-2895 Non Rd.","Launceston","1492"),(100,"dolor","336-5951 Volutpat. St.","Bairnsdale","4293");


CREATE TABLE organization (
	org_id INT PRIMARY KEY AUTO_INCREMENT,
    org_name VARCHAR(100) NOT NULL,
    org_website VARCHAR(150) NOT NULL,
    org_address_id INT NOT NULL,
    CONSTRAINT org_fk_address_id
		FOREIGN KEY (org_address_id)
        REFERENCES address(address_id)
);

/*insert into organization*/
INSERT INTO `organization` (`org_id`,`org_name`,`org_website`,`org_address_id`) VALUES (1,"Dignissim Magna Limited","(185) 242-6023",60),(2,"Erat Volutpat Nulla Consulting","(899) 844-6746",27),(3,"Mi Tempor Ltd","(790) 264-0095",68),(4,"Montes Nascetur Ridiculus Limited","(757) 942-3201",4),(5,"Massa Rutrum Magna Inc.","(202) 866-1918",33),(6,"Auctor Ullamcorper Nisl LLC","(967) 659-9187",20),(7,"A Associates","(983) 964-4523",33),(8,"Ornare Inc.","(368) 459-9420",5),(9,"Tincidunt Aliquam Arcu Corporation","(929) 779-9862",76),(10,"Accumsan Sed Consulting","(747) 253-5146",60);
INSERT INTO `organization` (`org_id`,`org_name`,`org_website`,`org_address_id`) VALUES (11,"Adipiscing Lobortis Risus LLP","(504) 928-9038",1),(12,"Aenean Egestas Hendrerit Corp.","(642) 794-4842",53),(13,"Cras Vehicula Aliquet Associates","(852) 160-9536",49),(14,"Ornare Company","(553) 987-2931",66),(15,"Orci Industries","(248) 995-1217",68),(16,"Nunc Mauris Elit Limited","(191) 775-3622",7),(17,"Velit Inc.","(804) 134-1249",21),(18,"Vitae Sodales At Industries","(500) 470-6185",44),(19,"Urna LLC","(969) 701-6401",60),(20,"Ipsum PC","(405) 176-8921",93);
INSERT INTO `organization` (`org_id`,`org_name`,`org_website`,`org_address_id`) VALUES (21,"Justo Praesent Institute","(346) 750-8113",24),(22,"Sagittis Institute","(326) 762-1997",6),(23,"Pharetra Ut Pharetra Limited","(135) 105-7570",21),(24,"Mus Incorporated","(807) 574-2855",17),(25,"Malesuada Integer Corp.","(137) 261-9038",59),(26,"Sagittis Corp.","(738) 981-6391",16),(27,"Integer Limited","(817) 995-5345",41),(28,"Tempor Company","(948) 889-6487",93),(29,"Accumsan Laoreet Company","(416) 481-5005",7),(30,"Curabitur Industries","(299) 406-4687",49);
INSERT INTO `organization` (`org_id`,`org_name`,`org_website`,`org_address_id`) VALUES (31,"Nibh Associates","(847) 800-0036",73),(32,"Lectus Cum Sociis Consulting","(891) 880-3715",20),(33,"A Institute","(908) 489-8277",17),(34,"Erat Vivamus Consulting","(140) 625-1637",35),(35,"Tempus Limited","(346) 131-4393",7),(36,"Dictum Associates","(746) 548-7876",58),(37,"Eget Volutpat Ornare Associates","(734) 655-4107",10),(38,"Nulla Eget Corporation","(198) 744-0228",10),(39,"Tortor Industries","(599) 229-0418",15),(40,"Dolor Vitae LLC","(434) 244-3926",13);
INSERT INTO `organization` (`org_id`,`org_name`,`org_website`,`org_address_id`) VALUES (41,"Aenean Eget Metus Institute","(814) 762-3878",93),(42,"Tincidunt Nibh Ltd","(714) 282-4127",10),(43,"Dis Incorporated","(891) 526-3764",33),(44,"Ridiculus Industries","(861) 622-7934",29),(45,"Non Massa Consulting","(410) 388-3821",72),(46,"Nullam Enim Ltd","(339) 779-8500",95),(47,"Sed Tortor Inc.","(380) 871-5958",3),(48,"Magna Consulting","(697) 989-8759",61),(49,"Accumsan Industries","(550) 802-5030",49),(50,"Penatibus Et Magnis Foundation","(671) 603-2232",52);
INSERT INTO `organization` (`org_id`,`org_name`,`org_website`,`org_address_id`) VALUES (51,"Mi Duis Risus Incorporated","(634) 323-8290",4),(52,"Adipiscing Lobortis Risus LLP","(291) 929-1983",48),(53,"Ac Libero Company","(518) 548-9743",98),(54,"Sapien Incorporated","(517) 201-5149",36),(55,"Fusce Feugiat Lorem Company","(280) 507-0623",1),(56,"Cras Eu Associates","(429) 564-6150",96),(57,"Erat Vivamus Limited","(232) 125-5228",96),(58,"Nunc Est Foundation","(910) 713-7066",55),(59,"Ullamcorper Eu Associates","(334) 948-6864",83),(60,"Ipsum Suspendisse Sagittis Institute","(105) 262-0008",45);
INSERT INTO `organization` (`org_id`,`org_name`,`org_website`,`org_address_id`) VALUES (61,"Ante Lectus PC","(477) 164-6436",69),(62,"Gravida Aliquam Tincidunt PC","(735) 485-3351",95),(63,"In Associates","(784) 979-4313",33),(64,"Curabitur Dictum Inc.","(271) 619-3988",21),(65,"Tristique Pharetra Quisque Ltd","(970) 133-8097",50),(66,"Eu Eleifend Inc.","(715) 559-1593",91),(67,"Tristique Pharetra Quisque LLC","(366) 423-8693",66),(68,"Ut Ipsum Limited","(903) 713-2853",14),(69,"Bibendum Sed Industries","(560) 421-6394",77),(70,"Elit Aliquam Industries","(681) 555-0986",80);
INSERT INTO `organization` (`org_id`,`org_name`,`org_website`,`org_address_id`) VALUES (71,"Mauris Vel Turpis Incorporated","(212) 978-2681",85),(72,"Per Conubia LLP","(295) 394-0415",58),(73,"Nunc Associates","(876) 668-4934",78),(74,"Est Mauris Foundation","(135) 327-2575",55),(75,"Nec Urna Suscipit Inc.","(511) 827-7108",36),(76,"Donec Limited","(445) 614-2413",15),(77,"Sociis Natoque Company","(888) 490-0942",96),(78,"Nec Euismod Incorporated","(485) 804-7651",28),(79,"Tortor Integer Foundation","(987) 676-0734",24),(80,"Integer Vitae Nibh Corporation","(441) 295-4839",77);
INSERT INTO `organization` (`org_id`,`org_name`,`org_website`,`org_address_id`) VALUES (81,"Vitae Corporation","(497) 131-8119",61),(82,"Ipsum Non Arcu PC","(243) 467-8567",80),(83,"Aliquet Limited","(832) 523-4382",89),(84,"Vel Corp.","(487) 924-5775",4),(85,"Dui Suspendisse Consulting","(233) 353-0143",11),(86,"Nulla Integer Urna Incorporated","(717) 759-7957",94),(87,"Felis Eget Varius Ltd","(943) 635-1132",46),(88,"Odio Phasellus At Corporation","(931) 111-2607",24),(89,"Mi Company","(246) 782-3016",98),(90,"Quisque Corp.","(556) 664-8851",60);
INSERT INTO `organization` (`org_id`,`org_name`,`org_website`,`org_address_id`) VALUES (91,"Id Libero Donec LLP","(433) 743-0594",79),(92,"Tincidunt Donec Vitae Associates","(397) 434-7943",76),(93,"Aliquet Vel Industries","(655) 288-2878",17),(94,"Pellentesque Sed Dictum Inc.","(397) 624-6532",16),(95,"Condimentum Eget Inc.","(520) 752-9930",35),(96,"Sapien Molestie Institute","(288) 402-8748",83),(97,"Donec Porttitor Corporation","(810) 628-2065",97),(98,"Velit Egestas Lacinia LLC","(333) 816-6066",65),(99,"Eu Limited","(308) 990-0384",98),(100,"Nunc Laoreet Associates","(926) 401-1719",53);


CREATE TABLE contact (
	contact_id	INT PRIMARY KEY AUTO_INCREMENT,
    first_name	VARCHAR(50) NOT NULL,
    last_name VARCHAR(150) NOT NULL,
    email VARCHAR(50) NOT NULL,
    phone VARCHAR(15) NOT NULL,
    org_id INT NOT NULL,
    CONSTRAINT contact_fk_org_id
		FOREIGN KEY (org_id)
        REFERENCES organization(org_id)
);

/*Insert test data into the contact table*/

INSERT INTO `contact` (`contact_id`,`first_name`,`last_name`,`email`,`phone`,`org_id`) VALUES (1,"Kareem","Castillo","cursus.vestibulum.Mauris@risus.org","1-481-219-6049",83),(2,"Nicholas","Farmer","lectus.convallis@NullaaliquetProin.ca","1-692-752-9445",73),(3,"Anastasia","Cochran","arcu.Sed.et@aptenttacitisociosqu.ca","1-146-489-0698",45),(4,"Deborah","Matthews","placerat@mollisIntegertincidunt.com","1-343-529-4737",56),(5,"Unity","Hayes","Nam.nulla@ornare.ca","1-540-754-6893",79),(6,"Demetrius","Dyer","pharetra.Nam@dolordolortempus.net","1-166-784-5137",77),(7,"Phyllis","Heath","bibendum.sed@Maecenas.co.uk","1-434-228-2888",10),(8,"Mufutau","Sandoval","sed@justo.org","1-229-647-1382",96),(9,"Kathleen","Horton","at@eu.com","1-120-399-2151",86),(10,"Christine","Mason","blandit.Nam.nulla@elitEtiamlaoreet.org","1-246-504-4825",52);
INSERT INTO `contact` (`contact_id`,`first_name`,`last_name`,`email`,`phone`,`org_id`) VALUES (11,"Chaim","Bradshaw","molestie@necquam.net","1-272-561-4881",83),(12,"Hayes","Bullock","nec.enim.Nunc@Suspendisse.edu","1-804-980-2027",38),(13,"Serena","Phelps","erat@sitametmetus.edu","1-114-177-2079",39),(14,"Scarlett","Norris","ac.urna@fermentumarcu.net","1-565-111-2967",99),(15,"Stephanie","Farley","ultricies@Sednunc.org","1-513-856-0774",30),(16,"Allistair","Rocha","vestibulum.neque@idliberoDonec.co.uk","1-250-129-3491",33),(17,"Branden","Bishop","nec@Quisqueporttitoreros.org","1-678-125-8516",66),(18,"Ebony","Ashley","quis.turpis@et.com","1-689-335-0691",26),(19,"Benjamin","Valenzuela","Cum.sociis@gravida.org","1-405-716-0267",23),(20,"Colette","Bradley","neque@Phasellus.net","1-421-662-0992",45);
INSERT INTO `contact` (`contact_id`,`first_name`,`last_name`,`email`,`phone`,`org_id`) VALUES (21,"Rae","Pace","quis.accumsan@bibendumsedest.com","1-537-454-4147",10),(22,"Price","Edwards","orci.lacus.vestibulum@netusetmalesuada.edu","1-337-513-0628",5),(23,"Jenna","Wright","at@Integereu.org","1-246-250-5979",89),(24,"Wyoming","Larson","pede.Cum.sociis@sagittisplaceratCras.co.uk","1-998-310-2286",25),(25,"Basia","Tillman","imperdiet.dictum.magna@mollisPhaselluslibero.org","1-884-209-4653",83),(26,"Germane","Conrad","lorem.ut.aliquam@eratvelpede.edu","1-307-233-6294",55),(27,"Luke","Shelton","Nullam.ut@semegestasblandit.co.uk","1-362-215-8818",22),(28,"Lydia","Hodges","Aenean.gravida@odioAliquam.edu","1-740-768-8714",57),(29,"Noelani","Guerra","augue.ac.ipsum@elit.ca","1-519-497-5395",22),(30,"Oliver","Boyd","Ut@semperNamtempor.org","1-355-338-7871",12);
INSERT INTO `contact` (`contact_id`,`first_name`,`last_name`,`email`,`phone`,`org_id`) VALUES (31,"Cheyenne","Humphrey","Donec.tempus@porttitorinterdum.edu","1-623-276-4048",14),(32,"Constance","Dillard","dignissim.Maecenas@dolor.edu","1-735-903-1669",86),(33,"Vanna","Sutton","ultrices@turpisnon.com","1-468-269-0663",29),(34,"Oren","Potts","lacus.Quisque.purus@sedpede.org","1-474-677-2180",79),(35,"Ivy","Valencia","tincidunt.Donec@euodioPhasellus.org","1-528-214-0450",32),(36,"Uriah","Wagner","amet.metus@Cum.com","1-987-634-8981",59),(37,"Leandra","Moody","tortor@nunc.net","1-441-597-1400",28),(38,"Jerry","Klein","neque@tristiquealiquet.ca","1-809-108-0124",90),(39,"Charde","Vincent","non.enim.commodo@nequeIn.edu","1-991-502-2253",53),(40,"Basia","Gay","massa.lobortis@risusNullaeget.net","1-303-215-8056",43);
INSERT INTO `contact` (`contact_id`,`first_name`,`last_name`,`email`,`phone`,`org_id`) VALUES (41,"Drew","Combs","amet.ornare@ametante.co.uk","1-578-152-0385",25),(42,"Louis","Wolf","risus.Quisque@facilisiSedneque.org","1-378-392-6540",72),(43,"Morgan","Simpson","facilisis@insodaleselit.edu","1-783-934-0321",32),(44,"Rinah","Miles","tempus.lorem.fringilla@aarcuSed.net","1-995-710-5651",100),(45,"Timon","Horne","tellus.Nunc.lectus@acmetusvitae.edu","1-881-742-7047",64),(46,"Aurelia","Kennedy","condimentum.Donec.at@imperdietdictum.co.uk","1-359-294-5656",44),(47,"Lara","Lopez","blandit@lectusquis.net","1-951-358-4376",4),(48,"Isaiah","Bowman","vel@scelerisquesedsapien.ca","1-781-607-9103",3),(49,"Alfreda","Hatfield","sagittis@Namligula.edu","1-444-222-1770",82),(50,"Fatima","Hopkins","mollis@elitAliquam.com","1-144-684-9084",30);
INSERT INTO `contact` (`contact_id`,`first_name`,`last_name`,`email`,`phone`,`org_id`) VALUES (51,"Jillian","Coleman","commodo@magnisdisparturient.ca","1-556-377-3466",92),(52,"Jason","Mcdowell","Vestibulum.ante.ipsum@malesuadafames.ca","1-298-721-0132",62),(53,"Raja","Hamilton","non@eueros.com","1-148-993-4539",61),(54,"Brielle","Hayden","dictum@Cumsociisnatoque.org","1-452-677-5869",14),(55,"Kaye","Hopper","erat.volutpat@auctorveliteget.net","1-242-393-9382",26),(56,"Paloma","Glass","Proin.nisl.sem@tinciduntduiaugue.ca","1-454-692-3400",29),(57,"Yael","Cobb","scelerisque.sed.sapien@vestibulum.org","1-891-717-6197",83),(58,"Neve","Stark","felis.ullamcorper.viverra@sit.org","1-940-328-9602",82),(59,"Mark","Peterson","auctor.Mauris@Praesent.co.uk","1-768-621-7956",23),(60,"Piper","May","sit@orcilobortis.ca","1-725-431-2735",13);
INSERT INTO `contact` (`contact_id`,`first_name`,`last_name`,`email`,`phone`,`org_id`) VALUES (61,"Zorita","Chapman","turpis.vitae@vitae.ca","1-480-853-1369",92),(62,"Chancellor","Warren","egestas.blandit@Nuncsollicitudin.edu","1-204-761-3024",77),(63,"Haley","Russo","luctus.aliquet@dolor.edu","1-856-452-6358",55),(64,"Dolan","Levy","non.dapibus.rutrum@fringillamilacinia.net","1-611-459-8281",93),(65,"Ocean","Cervantes","Donec.luctus.aliquet@diamnuncullamcorper.edu","1-690-659-6395",26),(66,"Dillon","Fernandez","fringilla.porttitor@adipiscingfringilla.net","1-606-201-1846",75),(67,"Melinda","Ortiz","eu.tellus@egestas.co.uk","1-807-319-9921",23),(68,"Courtney","Phillips","sem@luctusCurabituregestas.co.uk","1-751-395-2908",37),(69,"Eugenia","Oneil","laoreet@aliquamadipiscinglacus.ca","1-855-483-0496",19),(70,"Samson","Sparks","Sed@nonummyut.co.uk","1-964-548-7678",53);
INSERT INTO `contact` (`contact_id`,`first_name`,`last_name`,`email`,`phone`,`org_id`) VALUES (71,"Mallory","Guerrero","erat.Vivamus@Proinvelarcu.org","1-107-134-7875",64),(72,"Russell","Guthrie","Donec.feugiat@IntegerurnaVivamus.com","1-389-680-8254",18),(73,"Amos","Oneil","amet.diam.eu@dignissimpharetra.net","1-570-685-2205",64),(74,"Liberty","Carver","condimentum@volutpatNulla.org","1-983-967-8194",64),(75,"Lacy","Whitfield","dui.Suspendisse@orci.org","1-260-206-6470",54),(76,"Philip","Le","justo@nibh.org","1-346-217-6551",74),(77,"Maggy","Kent","libero@Integer.org","1-954-260-5684",97),(78,"Jacob","Obrien","Donec@eliteratvitae.co.uk","1-511-977-8896",50),(79,"Ann","Baxter","ullamcorper.magna.Sed@estvitae.ca","1-676-216-6476",75),(80,"Mercedes","Dickerson","non.sapien.molestie@sed.com","1-575-486-2437",49);
INSERT INTO `contact` (`contact_id`,`first_name`,`last_name`,`email`,`phone`,`org_id`) VALUES (81,"Cora","Wilkerson","est.tempor.bibendum@erosturpisnon.org","1-436-408-1385",20),(82,"Simone","Patton","gravida@eteuismod.net","1-695-405-7695",86),(83,"Lana","Hatfield","Aliquam.gravida@Donec.co.uk","1-581-354-0887",53),(84,"Faith","Barry","tincidunt@nibh.ca","1-274-848-6400",7),(85,"Edward","Rojas","sem.egestas.blandit@semperetlacinia.co.uk","1-117-779-5573",81),(86,"Rhona","Foreman","Nam.ac@duiSuspendisseac.net","1-350-564-0362",78),(87,"Daphne","King","Suspendisse.aliquet@apurus.org","1-527-415-5505",8),(88,"Zenia","Coffey","pede.Cum.sociis@a.org","1-678-323-0047",79),(89,"Fay","Castro","magna.Praesent@penatibusetmagnis.com","1-990-799-7267",45),(90,"Kaseem","Guthrie","non@orciquis.edu","1-872-296-0165",31);
INSERT INTO `contact` (`contact_id`,`first_name`,`last_name`,`email`,`phone`,`org_id`) VALUES (91,"Tarik","Mccray","quam.Curabitur.vel@laciniaatiaculis.ca","1-395-552-7418",74),(92,"Madeson","Gutierrez","tellus.Aenean@Donec.net","1-798-909-1753",28),(93,"Lane","Martin","mus@Loremipsumdolor.ca","1-937-147-0314",5),(94,"Thane","Hardy","euismod@augue.com","1-526-411-0598",40),(95,"Alvin","Vance","Ut@dolor.co.uk","1-174-497-2756",73),(96,"Jeanette","Bryant","consectetuer.adipiscing.elit@eu.org","1-154-598-7428",80),(97,"Callie","Bush","ac.sem@variusNam.edu","1-120-263-9002",12),(98,"Macy","Stark","metus.urna@adipiscing.org","1-124-939-1710",2),(99,"Gray","Buchanan","Nam.porttitor.scelerisque@lacusAliquam.ca","1-682-163-3746",76),(100,"Alana","Lucas","quam.elementum.at@quam.co.uk","1-524-974-1409",5);


CREATE TABLE event_type (
	event_type_id INT PRIMARY KEY AUTO_INCREMENT,
    event_type VARCHAR(50) NOT NULL
);

/*Insert test data to event type*/
INSERT INTO `event_type` (`event_type_id`,`event_type`) VALUES (1,"Curabitur"),(2,"orci"),(3,"nisi"),(4,"adipiscing"),(5,"Lorem");


CREATE TABLE event_topic (
	event_topic_id INT PRIMARY KEY AUTO_INCREMENT,
    event_topic VARCHAR(100) NOT NULL
);

/*insert data to event topic table*/
INSERT INTO `event_topic` (`event_topic_id`,`event_topic`) VALUES (1,"lacus pede sagittis augue, eu"),(2,"nisl. Maecenas"),(3,"tempus"),(4,"Donec felis orci,"),(5,"nisl. Maecenas malesuada fringilla");

CREATE TABLE event (
	event_id INT PRIMARY KEY AUTO_INCREMENT,
    event_title TEXT NOT NULL,
    event_type INT NOT NULL,
    CONSTRAINT event_fk_event_type
		FOREIGN KEY (event_type)
        REFERENCES event_type(event_type_id),
	start_date_time DATETIME NOT NULL,
    end_date_time DATETIME,
    address_id INT NOT NULL,
	CONSTRAINT event_fk_address_id
		FOREIGN KEY (address_id)
        REFERENCES address(address_id),
	main_topic_id INT NOT NULL,
    CONSTRAINT event_fk_main_topic_id
		FOREIGN KEY (main_topic_id)
        REFERENCES event_topic(event_topic_id)
);

/*Insert test data into the event table*/
INSERT INTO `event` (`event_id`,`event_title`,`event_type`,`start_date_time`,`end_date_time`,`address_id`,`main_topic_id`) VALUES (1,"Nulla interdum. Curabitur dictum. Phasellus in felis. Nulla tempor augue",5,"2016-05-24 20:48:05","2015-05-18 16:51:02",77,1),(2,"sociis natoque penatibus",4,"2015-09-06 01:20:51","2015-06-26 02:51:01",49,5),(3,"auctor,",2,"2016-05-30 09:49:30","2015-12-07 18:48:47",20,2),(4,"neque. Sed eget lacus. Mauris non dui nec urna",4,"2016-10-30 14:44:45","2016-12-20 07:52:54",93,4),(5,"in sodales",3,"2015-06-21 21:50:51","2015-07-30 18:19:57",5,5),(6,"sit amet risus. Donec egestas. Aliquam nec enim. Nunc ut",4,"2015-07-02 18:53:18","2016-12-08 18:21:02",76,4),(7,"a tortor. Nunc commodo",2,"2017-01-13 00:22:10","2015-10-12 07:36:38",18,3),(8,"Etiam imperdiet dictum magna. Ut tincidunt orci quis lectus. Nullam",4,"2016-07-14 07:08:46","2015-10-08 09:53:34",69,1),(9,"elit. Aliquam auctor, velit eget",3,"2015-12-27 06:45:35","2015-08-06 03:17:25",26,3),(10,"Integer urna. Vivamus molestie dapibus ligula. Aliquam erat volutpat. Nulla",1,"2016-07-30 10:21:01","2016-08-30 20:53:26",29,2);
INSERT INTO `event` (`event_id`,`event_title`,`event_type`,`start_date_time`,`end_date_time`,`address_id`,`main_topic_id`) VALUES (11,"at pretium aliquet,",5,"2016-03-10 23:14:44","2015-06-09 00:29:23",33,4),(12,"id nunc interdum feugiat. Sed nec metus facilisis lorem tristique",2,"2015-09-26 23:28:37","2015-05-04 21:12:22",41,5),(13,"lobortis",1,"2017-04-06 15:16:40","2016-04-04 01:17:03",20,2),(14,"metus facilisis",4,"2015-07-22 15:30:01","2017-04-22 14:29:59",1,3),(15,"Mauris nulla.",2,"2017-02-11 20:28:11","2015-08-03 22:22:32",75,3),(16,"pellentesque, tellus sem",2,"2016-01-31 17:18:05","2016-09-03 13:24:01",61,3),(17,"dolor sit amet, consectetuer",2,"2017-05-01 12:11:06","2016-11-10 18:25:40",94,3),(18,"lorem lorem, luctus",1,"2016-09-23 13:33:56","2016-11-24 02:32:38",61,5),(19,"dui. Cum sociis natoque",2,"2016-12-19 20:29:09","2015-11-13 08:56:51",55,3),(20,"odio. Nam interdum enim non",2,"2016-10-12 02:38:10","2015-06-03 00:48:19",68,2);
INSERT INTO `event` (`event_id`,`event_title`,`event_type`,`start_date_time`,`end_date_time`,`address_id`,`main_topic_id`) VALUES (21,"ipsum. Suspendisse non leo. Vivamus nibh dolor,",3,"2016-11-24 22:04:46","2016-05-15 23:50:32",98,4),(22,"vitae dolor. Donec fringilla. Donec feugiat metus sit amet ante.",1,"2015-11-16 08:08:59","2017-01-27 08:06:56",78,4),(23,"parturient montes, nascetur",4,"2015-10-03 20:16:39","2015-12-23 23:26:02",13,1),(24,"eu erat semper rutrum.",3,"2015-07-24 01:36:55","2017-03-06 02:19:39",68,2),(25,"odio tristique pharetra. Quisque ac",1,"2016-03-07 04:31:59","2016-04-28 18:30:52",96,1),(26,"nec enim. Nunc ut",3,"2016-05-13 19:11:11","2017-01-07 16:11:25",13,2),(27,"mi lacinia mattis. Integer",1,"2017-03-04 04:16:54","2016-05-07 06:37:05",33,3),(28,"dui. Fusce diam nunc, ullamcorper eu, euismod ac,",3,"2016-08-07 12:10:11","2016-05-12 15:40:17",14,4),(29,"non quam. Pellentesque habitant",4,"2017-03-19 23:43:22","2015-10-29 16:02:50",87,1),(30,"id, erat. Etiam vestibulum massa rutrum magna. Cras convallis convallis",1,"2016-11-07 06:43:02","2017-01-22 12:23:21",1,4);
INSERT INTO `event` (`event_id`,`event_title`,`event_type`,`start_date_time`,`end_date_time`,`address_id`,`main_topic_id`) VALUES (31,"Integer urna. Vivamus molestie dapibus ligula.",3,"2016-09-03 22:14:41","2016-03-30 05:37:44",66,2),(32,"Fusce fermentum fermentum arcu.",3,"2017-01-05 03:16:32","2015-11-08 02:55:43",9,1),(33,"cursus in,",2,"2015-11-17 04:02:28","2015-09-12 00:11:58",61,3),(34,"luctus felis purus ac tellus.",4,"2016-07-27 07:15:34","2015-07-09 03:50:11",78,3),(35,"Cras eget nisi dictum",2,"2016-02-06 06:12:39","2016-08-22 12:53:46",27,1),(36,"sagittis augue, eu tempor erat neque non quam. Pellentesque",4,"2016-07-20 18:17:11","2016-04-17 22:55:04",4,5),(37,"lorem ac risus. Morbi metus. Vivamus euismod urna.",2,"2016-12-24 18:23:34","2016-02-12 06:00:24",8,4),(38,"et,",5,"2016-06-07 23:28:58","2016-05-11 07:32:41",98,5),(39,"Mauris non dui nec urna",4,"2015-07-15 15:44:36","2015-06-22 14:53:09",12,2),(40,"Sed et libero. Proin",1,"2016-09-01 03:42:51","2017-04-11 13:00:02",40,1);
INSERT INTO `event` (`event_id`,`event_title`,`event_type`,`start_date_time`,`end_date_time`,`address_id`,`main_topic_id`) VALUES (41,"eu nibh vulputate mauris sagittis",2,"2016-12-17 11:50:06","2016-10-22 15:30:27",84,4),(42,"convallis in, cursus et, eros. Proin ultrices. Duis",5,"2016-07-27 18:29:26","2016-06-24 01:19:03",8,1),(43,"ipsum primis in faucibus orci",4,"2015-07-17 03:37:53","2017-02-24 07:56:14",35,3),(44,"velit. Aliquam nisl. Nulla",2,"2016-10-15 13:18:47","2015-05-05 00:39:35",21,4),(45,"fringilla mi lacinia mattis. Integer eu lacus. Quisque imperdiet, erat",5,"2016-03-28 01:26:13","2015-09-21 21:16:12",9,1),(46,"tempor bibendum. Donec felis orci, adipiscing non, luctus",2,"2016-09-29 03:59:08","2016-06-28 10:36:23",38,1),(47,"Praesent interdum",4,"2016-04-27 20:53:51","2016-07-22 17:06:25",10,3),(48,"conubia nostra, per inceptos hymenaeos. Mauris ut quam",1,"2015-09-24 09:59:13","2015-06-14 19:04:08",86,2),(49,"eget ipsum.",1,"2016-06-02 15:00:45","2016-12-15 10:19:56",29,2),(50,"Aliquam rutrum lorem ac risus. Morbi metus. Vivamus",1,"2015-09-22 04:58:48","2016-04-17 14:13:58",94,3);
INSERT INTO `event` (`event_id`,`event_title`,`event_type`,`start_date_time`,`end_date_time`,`address_id`,`main_topic_id`) VALUES (51,"diam. Duis mi enim, condimentum eget,",2,"2016-10-13 12:51:21","2016-05-29 17:21:35",59,3),(52,"nunc sed pede. Cum sociis",1,"2017-02-25 02:30:00","2016-09-05 23:43:13",95,2),(53,"iaculis aliquet diam. Sed diam lorem,",5,"2016-12-07 13:50:14","2016-12-11 17:19:41",23,4),(54,"velit",5,"2016-05-16 14:05:24","2016-09-15 03:45:56",82,5),(55,"auctor",2,"2015-08-09 12:09:04","2015-07-17 04:17:06",87,3),(56,"Sed eget lacus.",2,"2016-11-23 13:02:00","2015-05-24 10:42:21",60,3),(57,"Nam nulla magna,",2,"2017-04-14 06:33:38","2015-09-13 17:11:32",23,2),(58,"non sapien molestie orci tincidunt adipiscing. Mauris molestie pharetra",2,"2015-08-05 19:09:34","2016-07-20 20:24:41",40,3),(59,"non,",2,"2015-05-11 23:56:05","2015-08-08 16:06:58",43,4),(60,"risus.",2,"2017-02-27 20:53:48","2016-10-02 03:37:11",62,5);
INSERT INTO `event` (`event_id`,`event_title`,`event_type`,`start_date_time`,`end_date_time`,`address_id`,`main_topic_id`) VALUES (61,"convallis,",2,"2015-12-18 19:37:49","2015-12-18 20:14:54",7,4),(62,"feugiat. Lorem ipsum dolor sit amet, consectetuer adipiscing elit. Aliquam",2,"2015-12-20 18:09:47","2015-05-28 02:11:43",2,3),(63,"ante. Nunc mauris",3,"2016-08-15 18:32:32","2016-10-03 05:11:50",43,3),(64,"arcu ac orci. Ut semper pretium neque. Morbi",2,"2016-04-06 07:49:13","2016-10-18 12:32:39",23,3),(65,"magna. Cras convallis convallis dolor.",4,"2015-10-24 09:07:13","2016-05-13 12:43:24",13,2),(66,"dictum. Phasellus in felis.",1,"2015-10-26 06:22:23","2016-08-01 21:53:51",47,3),(67,"Nunc laoreet lectus quis massa. Mauris vestibulum, neque",5,"2017-03-14 06:11:11","2015-05-29 22:05:11",28,1),(68,"semper",1,"2016-09-25 15:25:04","2015-09-13 09:37:32",39,1),(69,"massa lobortis ultrices. Vivamus rhoncus. Donec est. Nunc",1,"2016-05-01 21:47:47","2016-04-18 04:18:41",64,5),(70,"eget magna. Suspendisse tristique neque venenatis lacus. Etiam bibendum fermentum",1,"2016-11-06 00:36:49","2016-05-02 21:05:58",85,1);
INSERT INTO `event` (`event_id`,`event_title`,`event_type`,`start_date_time`,`end_date_time`,`address_id`,`main_topic_id`) VALUES (71,"velit dui, semper et, lacinia vitae, sodales at,",3,"2015-07-09 04:29:04","2015-11-05 02:56:16",97,2),(72,"penatibus et magnis dis",5,"2015-05-13 11:58:26","2015-09-17 04:43:09",21,1),(73,"elit, a feugiat tellus",4,"2015-08-06 11:57:13","2016-05-07 14:09:52",92,3),(74,"dui. Fusce aliquam,",5,"2015-12-21 09:57:34","2016-02-16 16:34:57",58,1),(75,"mauris erat eget ipsum.",2,"2017-04-22 17:21:48","2016-05-01 21:47:42",83,3),(76,"dictum placerat, augue. Sed molestie. Sed",4,"2016-07-30 02:59:24","2016-02-22 00:25:39",91,4),(77,"Duis ac arcu. Nunc mauris. Morbi non",5,"2015-09-13 19:12:42","2015-06-22 00:24:43",67,5),(78,"Etiam vestibulum massa rutrum magna. Cras convallis convallis",5,"2015-08-22 21:05:54","2016-11-29 20:28:37",1,5),(79,"parturient montes, nascetur ridiculus mus. Donec dignissim magna a tortor.",3,"2017-01-10 22:42:41","2015-10-03 18:14:37",61,3),(80,"scelerisque neque sed sem egestas blandit. Nam nulla magna, malesuada",3,"2016-06-15 10:43:30","2015-09-11 09:30:15",20,5);
INSERT INTO `event` (`event_id`,`event_title`,`event_type`,`start_date_time`,`end_date_time`,`address_id`,`main_topic_id`) VALUES (81,"sed turpis nec mauris blandit mattis. Cras",3,"2016-09-04 14:15:41","2017-02-08 05:12:52",60,3),(82,"risus.",1,"2017-03-02 23:46:02","2015-05-29 11:43:13",3,4),(83,"mi. Duis risus odio, auctor vitae, aliquet nec, imperdiet",4,"2016-03-02 03:49:47","2015-08-30 13:22:17",56,3),(84,"mi lorem, vehicula et, rutrum eu, ultrices sit amet,",2,"2017-01-29 22:27:48","2015-06-29 01:41:47",82,3),(85,"enim consequat purus. Maecenas libero est,",2,"2016-11-26 15:46:58","2016-04-04 13:01:07",20,4),(86,"id",4,"2016-03-04 11:35:21","2016-08-15 11:32:56",61,5),(87,"mus. Proin vel",2,"2016-08-06 20:04:23","2015-10-18 07:44:03",68,2),(88,"non lorem vitae odio",4,"2017-03-17 21:56:51","2017-03-29 12:53:36",49,4),(89,"commodo hendrerit. Donec porttitor tellus non magna. Nam ligula",4,"2015-07-08 22:29:56","2016-10-31 21:29:11",86,2),(90,"eu",2,"2016-02-24 11:33:29","2015-12-13 09:29:34",89,4);
INSERT INTO `event` (`event_id`,`event_title`,`event_type`,`start_date_time`,`end_date_time`,`address_id`,`main_topic_id`) VALUES (91,"ipsum dolor sit amet, consectetuer adipiscing elit. Aliquam auctor,",1,"2016-09-19 18:08:33","2016-02-28 12:49:10",53,2),(92,"Curabitur egestas nunc sed libero. Proin sed turpis nec",2,"2017-02-25 07:13:55","2016-12-30 18:12:10",65,4),(93,"aliquet",1,"2016-05-07 23:59:48","2015-11-05 18:40:42",90,4),(94,"eget, volutpat ornare, facilisis eget, ipsum. Donec sollicitudin adipiscing ligula.",3,"2015-09-21 11:19:26","2015-11-27 23:38:36",25,2),(95,"Mauris ut quam vel sapien imperdiet ornare.",5,"2015-12-31 13:18:24","2017-04-29 03:00:31",79,1),(96,"tristique ac, eleifend",1,"2015-12-03 12:06:11","2016-01-04 04:05:36",78,4),(97,"porttitor interdum. Sed auctor odio a",4,"2015-11-30 04:58:39","2017-01-14 18:48:38",3,2),(98,"eros nec",4,"2016-10-14 06:16:16","2016-02-07 20:00:40",86,3),(99,"nisi magna sed",5,"2017-04-13 16:11:23","2016-04-06 20:28:15",94,3),(100,"et ultrices posuere cubilia Curae Phasellus ornare. Fusce mollis. Duis",2,"2017-01-23 10:46:04","2015-06-24 01:31:24",75,4);


CREATE TABLE event_sponsor (
	event_id INT NOT NULL,
    CONSTRAINT event_sponsor_fk_event_id
		FOREIGN KEY (event_id)
        REFERENCES event(event_id),
	org_id INT NOT NULL,
    CONSTRAINT event_sponsor_fk_org_id
		FOREIGN KEY (org_id)
        REFERENCES organization(org_id)
);

/*insert data to event_sponsor table*/
INSERT INTO `event_sponsor` (`event_id`,`org_id`) VALUES (30,62),(12,16),(85,90),(75,73),(2,6),(95,4),(66,48),(41,91),(83,26),(8,41);
INSERT INTO `event_sponsor` (`event_id`,`org_id`) VALUES (17,5),(99,38),(32,29),(92,60),(96,36),(44,25),(45,55),(92,98),(60,32),(2,7);
INSERT INTO `event_sponsor` (`event_id`,`org_id`) VALUES (57,70),(35,24),(49,58),(4,23),(48,83),(92,80),(41,59),(15,83),(10,77),(59,71);
INSERT INTO `event_sponsor` (`event_id`,`org_id`) VALUES (80,15),(31,21),(88,83),(60,98),(28,11),(21,37),(84,3),(42,55),(27,57),(13,56);
INSERT INTO `event_sponsor` (`event_id`,`org_id`) VALUES (1,9),(51,47),(93,67),(75,5),(4,81),(15,22),(51,50),(60,29),(97,45),(17,20);
INSERT INTO `event_sponsor` (`event_id`,`org_id`) VALUES (60,29),(47,21),(31,30),(26,47),(31,44),(64,17),(30,54),(48,48),(32,25),(31,74);
INSERT INTO `event_sponsor` (`event_id`,`org_id`) VALUES (4,84),(12,82),(99,40),(36,80),(43,65),(69,12),(64,15),(95,17),(95,83),(93,15);
INSERT INTO `event_sponsor` (`event_id`,`org_id`) VALUES (23,4),(61,66),(19,59),(40,56),(40,17),(76,75),(61,49),(35,88),(88,53),(13,84);
INSERT INTO `event_sponsor` (`event_id`,`org_id`) VALUES (70,6),(53,3),(53,19),(74,48),(83,43),(26,27),(12,22),(4,10),(63,5),(13,77);
INSERT INTO `event_sponsor` (`event_id`,`org_id`) VALUES (7,80),(25,21),(16,48),(80,98),(85,90),(83,94),(14,23),(84,48),(11,61),(13,80);


CREATE TABLE org_image (
	org_image_id INT NOT NULL,
    CONSTRAINT org_image_org_id
		FOREIGN KEY (org_image_id)
        REFERENCES organization(org_id),
    org_image BLOB
);
	
CREATE TABLE event_image (
	event_image_id INT NOT NULL,
    CONSTRAINT event_image_event_id
		FOREIGN KEY (event_image_id)
        REFERENCES event(event_id),
	event_image BLOB
);
    
SHOW ERRORS;